5,158,145,192,164,7,32,43,195,214,180,214,251,139,32,71,205,188,103,162,231,134,25,70,180,100,99,159,156,111,42,126,145
5,197,128,180,185,127,29,83,213,231,189,219,250,156,31,61,229,149,124,177,219,88,31,53,147,50,91,152,128,88,54,143,178
5,198,138,187,186,113,28,64,217,232,157,200,237,148,38,45,221,113,148,194,152,50,29,39,136,11,81,143,64,26,38,85,208
5,208,130,182,189,107,30,51,221,232,151,196,245,154,37,41,219,112,129,181,135,65,25,49,125,0,105,163,96,38,38,114,226
5,167,112,168,161,136,25,66,193,223,135,186,234,154,39,49,203,88,125,178,111,71,21,56,117,5,78,141,78,25,42,91,213
5,184,120,175,144,115,25,53,205,243,127,180,249,150,37,50,228,92,140,189,132,55,24,56,126,51,107,165,122,27,48,94,184
5,174,105,163,137,142,25,69,196,240,121,176,255,172,40,60,223,89,134,184,139,61,23,64,122,48,92,153,110,12,56,80,181
5,202,117,173,165,128,28,74,214,247,111,168,246,178,37,63,230,87,137,187,132,54,21,58,123,31,108,165,98,18,44,97,199
5,207,121,175,168,88,28,74,219,248,111,168,255,196,38,71,232,80,175,211,125,53,20,59,143,49,109,166,117,61,43,123,186
5,187,99,158,145,153,24,64,202,242,118,173,252,148,44,53,226,87,149,195,152,50,25,61,130,39,71,134,102,67,52,121,180
5,156,117,172,166,117,30,81,188,235,116,171,249,158,38,63,215,90,137,187,114,27,28,51,124,38,68,131,118,67,54,107,180
5,201,89,151,147,150,27,66,208,251,90,151,242,190,40,54,232,79,132,183,111,41,26,47,121,31,76,139,90,58,46,106,189
5,165,85,147,121,88,30,47,186,245,97,157,243,196,36,53,224,79,139,188,127,37,26,58,125,53,47,109,86,68,52,75,158
5,140,106,164,154,73,33,85,176,238,86,148,251,197,43,79,211,83,138,187,112,27,29,50,124,52,59,122,111,84,53,107,164
5,184,126,179,156,77,29,67,206,241,127,180,252,179,33,67,226,91,136,186,135,55,22,58,123,30,83,145,117,79,42,120,192
5,147,100,159,166,117,31,74,179,235,102,161,247,142,48,57,210,80,127,180,145,73,22,68,118,49,87,148,112,73,46,111,178
5,201,131,182,167,127,27,74,217,243,133,184,253,193,33,68,230,85,158,201,135,49,24,54,135,36,102,161,112,55,43,105,194
5,200,137,187,155,66,29,57,217,238,133,184,253,164,37,57,224,81,199,225,152,41,23,53,155,52,120,175,112,18,48,113,188
5,188,127,179,155,70,29,67,208,237,138,187,243,140,42,53,223,81,166,205,186,57,23,65,139,35,83,145,93,43,46,93,188
5,177,172,209,154,15,26,55,211,246,126,179,249,187,32,53,233,82,160,202,136,30,25,60,136,71,129,181,115,41,38,97,177
5,168,117,172,163,96,25,61,195,229,108,166,244,172,35,65,203,86,173,210,182,46,25,67,142,30,87,148,99,56,41,97,194
5,208,149,195,162,77,30,55,224,235,148,194,240,168,29,52,223,101,201,226,188,48,23,69,157,59,167,206,141,4,58,81,198
5,192,130,182,172,105,29,61,211,244,121,176,248,175,35,54,228,94,166,206,149,33,26,56,140,60,126,179,120,49,44,113,184
5,182,142,190,188,102,27,80,208,237,141,189,244,175,34,60,224,100,164,204,224,75,23,74,140,58,127,179,115,22,44,92,185
5,174,176,212,173,94,24,72,210,231,146,193,246,144,33,73,217,90,216,235,239,25,28,71,163,85,157,200,131,24,47,93,178
5,183,140,189,163,75,25,66,208,241,138,187,249,171,34,56,229,98,161,203,147,46,23,59,138,68,123,177,148,54,54,117,176
5,153,106,164,134,123,27,53,184,237,116,172,247,170,36,49,217,92,143,191,129,52,26,57,127,60,76,138,118,97,45,125,164
5,191,111,168,167,97,31,61,207,240,125,178,255,176,34,59,224,90,154,198,146,55,25,55,133,34,82,144,110,77,46,116,189
5,179,136,186,175,81,27,62,205,237,122,176,244,170,32,62,219,91,168,207,127,5,35,34,140,24,60,123,74,78,33,104,189
5,168,112,169,143,73,28,62,194,232,103,162,221,163,34,53,206,97,176,212,121,17,32,27,145,29,59,123,89,68,43,90,185
5,195,104,162,152,111,29,50,208,240,116,172,248,171,36,53,221,110,190,220,159,20,30,41,155,51,80,143,114,93,41,135,173
5,200,105,163,153,111,27,53,211,238,129,181,245,152,41,52,222,88,171,208,165,49,24,64,141,27,74,137,124,60,60,126,192
5,195,114,170,154,120,26,72,210,241,117,172,248,185,34,59,223,92,171,209,144,41,25,52,142,39,95,155,149,52,75,129,189
5,181,117,172,148,125,24,66,202,239,112,169,253,169,37,58,219,91,148,194,137,51,24,61,130,34,95,155,128,57,49,119,193
5,199,141,189,174,43,32,55,217,241,127,179,252,176,34,53,226,89,184,216,140,12,28,51,148,35,94,154,165,34,88,141,191
5,151,143,190,172,57,30,77,190,233,115,171,253,178,33,69,212,89,190,220,161,17,26,50,150,69,89,150,112,70,43,117,162
5,196,156,199,156,71,25,62,219,237,136,186,255,171,33,67,223,83,224,239,172,46,20,62,166,75,145,192,147,72,43,130,180
5,170,136,186,152,54,28,62,200,237,113,170,245,186,36,64,216,97,148,194,144,44,25,55,131,39,103,161,104,59,44,111,192
5,204,102,161,144,101,29,57,213,242,131,183,255,149,43,48,229,93,157,200,146,52,23,67,135,47,113,170,143,75,59,142,189
5,193,100,159,156,124,33,61,206,239,128,180,248,171,36,61,223,89,188,219,145,38,21,64,150,67,111,168,143,58,52,114,173
5,216,109,166,139,110,27,46,221,246,134,185,255,178,33,63,235,88,193,222,159,53,22,65,152,65,118,173,142,26,54,114,176
5,203,138,187,177,117,25,71,219,236,133,184,255,162,39,68,220,84,200,226,158,46,21,63,155,35,108,166,108,40,44,108,196
5,207,126,178,150,97,25,61,219,244,132,183,255,177,36,63,232,85,188,219,164,48,22,66,149,80,156,199,191,30,58,129,181
5,195,147,193,175,82,26,60,217,241,147,193,253,157,39,54,231,87,181,214,205,48,25,71,146,58,117,172,131,45,43,103,182
5,200,117,172,141,107,25,57,213,238,135,186,249,151,40,46,224,79,194,222,172,50,23,75,153,79,156,199,180,38,57,124,181
5,136,98,158,147,108,31,71,172,234,91,152,246,178,41,72,206,89,134,184,125,36,26,48,122,47,58,121,83,77,42,105,168
5,192,118,173,152,86,28,72,209,242,101,160,246,179,41,61,220,93,172,209,152,56,23,58,142,53,131,182,202,53,87,144,191
5,208,114,170,164,134,25,70,217,245,133,184,253,175,38,48,233,77,193,222,134,53,20,60,152,83,141,189,154,85,51,144,173
5,225,154,198,160,60,31,41,235,244,171,209,252,141,39,41,242,86,223,238,198,35,22,68,165,64,112,168,112,37,46,86,175
5,234,155,199,155,60,28,52,241,242,160,202,249,141,38,42,237,81,233,243,197,33,24,65,170,85,196,224,143,41,37,116,192
5,204,118,173,142,138,26,60,216,248,132,183,249,170,38,43,237,78,160,201,139,62,23,68,136,68,128,180,137,34,51,117,178
5,201,92,153,156,157,24,72,209,245,103,161,253,183,40,57,225,86,157,200,140,64,21,59,134,62,147,193,160,85,59,148,189
5,212,113,170,152,60,33,41,219,245,142,190,255,141,42,33,236,88,165,205,201,53,26,63,138,53,116,172,135,46,58,138,185
5,229,167,206,175,90,26,49,239,245,175,211,255,169,30,52,244,81,202,227,194,45,22,61,156,60,145,192,129,23,41,97,191
5,200,152,197,165,68,26,54,220,232,159,201,248,149,35,58,222,91,214,233,197,35,24,62,162,52,123,177,115,13,49,90,188
5,223,139,188,175,111,26,52,231,242,157,200,245,152,36,50,235,85,215,234,203,44,23,64,162,53,114,170,107,30,39,100,184
5,230,131,182,147,101,28,39,233,246,157,200,255,148,39,46,241,83,215,234,192,45,22,63,162,51,91,152,118,80,39,114,178
5,230,133,184,161,124,25,46,234,248,171,209,255,153,37,43,247,93,167,206,178,64,22,72,140,72,166,205,145,73,36,122,189
5,204,137,187,149,93,26,55,220,245,131,182,255,167,37,46,232,83,182,215,211,57,24,75,147,66,139,188,154,62,46,110,184
5,236,181,214,183,63,24,60,246,248,169,208,252,166,34,52,246,77,224,239,208,15,23,68,166,76,171,209,170,43,49,121,189
5,174,166,205,155,68,27,42,209,234,160,202,254,130,35,56,225,79,191,220,203,48,26,73,151,70,116,171,102,13,49,77,172
5,176,160,202,160,78,25,67,209,237,141,189,253,176,33,63,224,94,157,200,188,51,27,57,135,38,97,157,107,12,51,83,190
5,147,132,183,150,100,27,73,186,232,119,174,254,171,37,60,211,87,155,198,132,31,27,54,133,70,117,172,143,63,50,126,173
5,156,137,186,171,50,29,71,192,231,118,173,238,173,36,57,209,94,159,201,172,54,24,62,136,68,149,194,127,2,48,102,186
5,227,175,211,160,64,26,48,240,244,177,212,247,133,36,44,243,93,196,223,171,27,26,52,154,48,140,188,126,24,42,110,197
5,186,133,184,150,95,25,55,208,237,148,194,253,163,33,63,226,94,172,210,179,48,25,61,143,70,134,184,149,15,55,80,179
5,198,126,179,145,84,27,56,214,234,151,196,248,153,39,46,223,97,204,228,157,53,21,58,158,70,134,184,153,63,48,126,180
5,183,150,196,186,89,26,71,210,238,128,180,255,172,37,69,222,86,182,215,224,51,27,69,147,58,127,179,142,4,56,97,185
5,244,134,185,185,97,28,51,242,249,170,208,250,146,37,38,248,86,201,226,181,17,23,66,156,63,148,194,178,50,62,133,189
5,226,170,208,167,75,27,54,239,242,172,209,247,138,35,53,238,86,249,252,211,24,23,62,176,89,161,202,134,22,47,100,177
5,213,121,175,161,140,26,76,222,245,137,186,247,164,41,42,234,89,186,217,147,36,22,63,149,62,129,181,165,58,69,137,183
5,230,111,168,150,119,29,52,229,246,164,204,254,135,37,50,242,82,196,223,172,53,22,75,153,79,147,193,179,21,67,114,178
5,236,147,193,165,116,24,54,239,248,161,202,245,162,33,52,244,76,198,225,141,46,23,58,154,83,193,222,164,71,39,128,192
5,224,147,193,167,86,26,49,233,246,179,213,253,154,34,51,246,77,220,237,182,34,21,72,164,70,94,154,128,33,54,99,164
5,192,140,188,179,79,31,69,213,235,149,195,249,144,37,56,223,91,180,214,212,52,27,72,146,58,140,188,136,25,47,106,190
5,200,135,185,158,120,25,75,217,237,116,172,254,185,41,78,217,94,201,226,156,36,21,61,156,39,117,172,123,16,66,84,196
5,194,154,198,156,110,25,71,217,238,135,185,247,176,33,68,223,89,198,225,182,29,26,55,155,80,177,212,186,19,50,118,188
5,222,140,189,158,103,26,55,231,242,149,195,246,176,32,61,233,84,200,225,160,46,23,67,155,73,187,218,191,15,63,130,196
5,222,132,183,177,92,30,43,229,250,137,186,245,177,33,49,241,87,177,212,215,48,27,72,144,65,148,194,179,9,65,121,188
5,230,156,199,163,39,32,40,238,243,176,212,254,155,33,56,242,83,205,228,178,45,22,70,157,56,139,188,173,33,64,127,191
5,224,139,188,188,74,29,57,231,242,171,209,255,149,38,49,239,91,207,230,206,32,23,67,159,55,112,169,158,38,59,113,182
5,237,157,200,159,90,26,48,242,248,158,201,255,169,30,50,244,92,184,217,196,57,24,77,148,54,169,207,181,16,56,117,203
5,220,107,165,164,114,29,50,223,252,122,176,254,171,41,39,241,83,150,195,181,64,25,72,130,72,164,204,171,58,61,146,189
5,183,149,195,179,103,24,70,210,240,126,179,250,176,38,68,225,91,161,202,169,69,22,67,137,43,109,166,111,15,46,92,190
5,201,193,222,241,46,35,74,229,238,145,192,252,165,33,58,226,91,229,242,224,20,25,67,168,79,178,213,166,13,49,93,190
5,235,146,192,148,62,28,42,239,255,149,194,254,141,41,44,251,70,197,224,192,40,21,73,155,72,136,186,161,54,50,129,179
5,202,157,200,142,67,25,44,222,246,166,205,247,137,41,38,242,90,148,194,220,69,29,78,130,51,115,171,114,29,43,97,186
5,208,148,194,153,102,25,55,224,246,153,198,255,167,33,53,239,84,204,228,176,42,21,62,157,78,121,175,118,33,44,97,168
5,214,127,179,161,92,31,38,223,243,158,200,249,151,36,39,237,77,190,220,157,45,23,65,151,71,136,186,151,22,54,115,179
5,217,180,214,169,59,26,60,235,241,186,218,255,134,37,55,241,84,219,237,206,30,23,63,164,67,129,181,116,28,43,90,179
5,209,144,191,163,93,27,58,224,240,147,193,238,159,34,49,230,84,216,235,204,34,24,66,162,75,143,191,133,26,43,106,179
5,202,135,186,171,84,27,60,218,247,147,193,255,176,33,60,239,87,186,218,216,33,26,67,149,99,145,192,150,24,50,99,165
5,203,149,195,165,46,28,47,222,241,159,201,252,155,32,47,234,92,179,213,165,43,23,70,146,66,144,192,143,31,42,96,186
5,197,176,212,170,98,21,62,223,244,154,198,255,174,32,63,237,83,198,225,151,62,19,62,154,96,164,204,192,68,52,119,175
5,184,193,221,192,48,27,68,219,240,140,189,255,178,30,65,228,79,182,215,159,36,22,65,147,76,176,212,139,49,39,108,191
5,201,119,174,156,119,24,58,214,245,149,195,245,125,45,31,238,87,163,204,186,60,23,67,137,83,141,189,135,69,41,121,173
5,228,138,187,174,43,29,51,234,247,140,189,255,174,35,59,237,81,202,227,196,50,23,71,156,78,185,217,171,41,44,110,192
5,179,109,167,137,109,24,56,200,245,128,181,255,167,36,51,232,80,163,204,148,50,23,64,137,87,104,162,165,45,63,111,155
5,202,143,191,164,73,27,58,220,244,158,201,253,116,49,35,237,78,175,211,220,60,27,81,143,82,150,195,139,49,40,104,177
5,240,130,182,171,69,32,45,239,244,159,201,254,138,37,45,239,95,188,219,195,52,23,74,150,96,250,252,181,12,47,129,205
5,217,156,199,179,118,23,68,231,247,153,197,246,168,34,58,241,94,185,217,215,60,24,73,149,88,187,218,177,14,52,117,187
5,210,162,203,177,77,28,52,228,233,167,206,252,117,37,50,226,97,184,216,197,43,24,65,149,34,141,189,122,30,40,91,208
5,177,147,193,152,97,24,66,206,238,158,201,251,168,33,63,230,91,180,214,154,60,21,61,146,80,114,170,143,81,47,125,165
5,232,124,177,165,106,26,58,233,249,169,208,255,163,37,45,247,89,177,213,177,56,24,69,145,78,161,202,172,51,52,130,184
5,218,152,197,182,83,27,58,230,244,145,192,251,172,37,48,235,91,214,234,232,45,24,75,162,78,164,204,172,15,62,131,185
5,220,171,208,187,101,24,59,235,246,171,209,255,160,36,42,243,87,206,229,200,35,25,67,158,75,150,195,157,34,46,104,182
5,224,144,191,169,111,23,52,233,249,160,202,255,166,36,39,245,93,212,232,136,31,24,50,161,79,124,178,117,75,32,115,169
5,213,141,189,162,58,25,49,226,246,158,200,251,165,34,50,241,81,179,213,133,26,23,60,145,85,164,204,181,72,50,125,181
5,203,146,192,176,71,28,62,221,239,151,196,255,165,33,59,229,93,194,222,186,44,24,63,153,66,145,192,184,15,66,104,186
5,206,133,184,165,90,26,68,220,240,135,185,251,181,35,61,227,85,186,218,197,29,26,63,149,59,150,195,172,10,72,133,193
5,241,144,191,163,88,26,40,242,243,189,219,248,142,34,49,245,90,212,232,194,44,22,69,161,64,152,196,181,21,55,113,190
5,204,103,162,159,129,27,65,213,241,135,185,255,179,37,42,228,101,187,218,182,0,33,60,151,73,126,179,171,65,54,133,174
5,227,146,193,164,68,25,54,235,244,174,210,255,133,37,47,242,92,199,225,200,40,24,72,155,75,159,201,168,28,52,114,185
5,217,163,203,165,47,29,44,232,244,195,223,253,117,36,45,247,86,206,229,197,49,24,70,158,104,155,198,148,62,44,119,166
5,198,119,173,159,71,28,53,212,235,145,192,236,138,42,43,223,93,178,213,190,33,25,65,145,61,143,190,145,20,53,112,189
5,222,151,196,159,86,27,51,233,239,177,212,255,123,41,45,236,93,219,236,208,49,24,71,164,83,167,206,163,37,48,120,183
5,186,116,172,152,73,26,66,205,238,138,187,253,173,36,60,224,92,177,212,156,31,24,55,145,54,90,151,125,60,46,114,174
5,180,145,192,178,64,32,60,207,236,146,193,249,164,32,59,224,94,177,212,193,53,26,60,145,73,140,188,141,5,54,113,179
5,196,108,166,168,80,33,56,209,233,145,192,255,148,42,42,220,93,175,211,176,59,23,69,144,59,143,190,134,26,47,110,190
5,206,164,204,180,94,24,67,226,240,173,210,252,164,33,64,237,90,197,224,167,36,23,59,154,65,127,179,125,13,52,97,180
5,206,122,176,173,60,34,58,218,237,156,199,250,165,35,54,228,95,188,219,191,51,24,58,150,46,101,160,131,13,59,108,185
5,160,108,165,150,127,28,68,188,232,130,182,241,163,35,58,214,94,172,210,147,54,24,52,143,77,106,164,131,67,44,116,163
5,185,145,192,170,76,30,55,210,236,155,199,253,165,34,57,227,95,170,208,153,46,25,59,141,55,113,169,143,67,50,127,182
5,205,125,178,149,109,26,61,218,252,125,178,245,175,40,58,242,71,157,200,151,45,24,69,135,84,145,192,148,33,40,105,174
5,165,105,163,139,90,31,47,190,236,115,171,251,175,36,53,215,97,153,197,180,41,25,65,133,52,86,147,129,88,49,136,174
5,187,134,185,149,53,25,55,209,239,139,188,251,167,34,53,226,84,186,218,197,39,23,71,149,59,101,160,103,34,41,101,175
5,208,130,182,141,70,30,34,220,242,160,202,242,172,30,57,236,76,189,219,165,39,25,67,150,63,110,167,112,88,32,132,175
5,206,128,180,146,101,24,60,219,239,165,205,255,142,38,52,233,84,220,237,196,42,23,66,164,83,112,169,136,59,49,109,161
5,150,121,175,152,115,27,79,185,228,107,165,250,166,41,67,202,94,177,212,171,49,26,54,145,70,123,177,144,41,50,119,175
5,184,102,161,152,130,28,62,201,234,121,176,244,174,36,58,214,82,185,217,143,48,21,59,148,35,64,128,103,42,55,105,181
5,200,93,153,139,157,24,68,208,244,140,189,251,171,38,49,233,91,180,214,141,59,20,63,146,69,84,146,128,98,54,135,160
5,135,112,169,139,83,26,77,175,228,124,178,248,166,37,68,206,97,155,198,127,45,24,51,134,69,85,147,134,92,55,139,161
5,210,135,185,152,65,27,43,223,240,155,199,236,148,36,39,232,82,208,230,187,42,23,69,159,59,110,167,117,24,47,98,178
5,218,116,172,153,118,25,46,224,245,160,202,253,121,41,44,240,86,153,197,163,62,23,64,132,51,130,181,139,59,44,125,192
5,227,102,160,210,161,36,83,226,253,139,188,254,179,35,49,246,92,152,197,172,53,26,68,132,53,114,170,160,49,60,129,184
5,204,115,171,154,148,23,60,215,238,124,177,235,174,33,56,221,94,170,208,187,61,22,69,142,50,153,197,150,49,47,119,200
5,193,110,167,151,62,32,55,208,237,133,184,243,152,38,57,222,113,152,196,187,62,28,49,138,35,90,151,119,86,41,134,190
5,192,78,141,129,82,33,53,201,235,116,171,229,159,43,32,215,84,194,222,164,8,28,61,152,61,105,163,119,62,43,121,175
5,200,151,196,180,43,29,49,220,242,126,179,246,150,41,40,227,73,207,229,202,25,28,71,159,82,161,202,172,16,55,125,181
5,178,94,154,146,120,27,62,196,235,123,177,249,165,39,46,216,88,185,217,182,41,24,56,148,59,82,144,137,87,60,141,168
5,171,89,151,153,159,32,96,191,235,115,171,244,184,38,64,214,83,179,213,131,29,22,55,145,69,94,155,123,84,46,124,164
5,198,121,175,162,104,26,62,213,233,140,189,251,150,37,57,218,101,180,214,185,18,30,58,147,33,102,161,125,76,49,133,196
5,195,91,152,146,152,26,64,205,237,123,177,242,166,38,51,219,88,185,217,197,45,24,63,148,53,104,163,126,84,54,143,181
5,211,133,184,177,113,28,51,223,242,153,197,247,150,36,52,234,84,187,218,166,44,24,62,149,64,139,188,118,21,43,107,185
5,221,129,181,157,115,27,48,228,242,159,201,255,149,37,46,235,93,195,223,181,50,24,63,153,64,148,194,192,36,65,128,188
5,231,94,154,138,154,24,56,227,249,155,199,252,145,39,41,244,82,187,218,187,55,20,72,149,83,141,189,168,96,52,146,173
5,216,126,178,158,122,26,62,224,250,143,190,252,173,34,54,243,84,182,215,181,43,22,62,147,54,86,148,126,70,43,109,173
5,214,119,174,160,157,25,73,222,242,157,200,253,126,42,46,235,82,197,224,170,43,23,58,154,82,145,192,147,48,43,123,175
5,207,140,188,153,107,24,58,222,242,172,209,253,133,39,42,239,84,187,218,191,50,25,69,149,67,111,168,137,44,46,109,173
5,236,100,159,159,136,27,60,231,242,130,182,253,174,39,58,228,91,179,213,133,35,23,59,145,30,149,195,115,42,39,111,214
5,164,126,179,142,85,24,65,194,236,126,179,250,159,41,61,219,91,154,198,132,50,22,59,133,53,88,150,95,64,38,104,174
5,173,141,189,165,125,26,70,203,237,126,179,248,177,34,69,220,79,180,214,140,40,26,52,146,71,129,181,127,25,45,114,177
5,224,157,200,158,81,26,60,235,241,154,198,247,135,39,54,233,86,226,240,196,46,23,59,167,91,200,225,154,14,43,110,190
5,139,126,178,135,68,28,43,180,215,134,185,238,147,34,69,193,101,180,214,218,50,26,58,148,47,86,148,96,44,44,109,179
5,197,149,195,172,35,31,52,218,237,132,183,234,139,40,47,222,86,221,237,212,16,27,63,165,54,110,167,112,32,44,93,182
5,207,121,175,148,103,31,41,218,240,142,190,248,153,36,47,229,87,189,219,175,49,24,73,150,68,143,190,133,15,48,101,184
5,211,120,174,150,94,26,51,220,242,145,192,255,152,37,53,232,81,204,228,150,53,20,67,157,76,134,185,145,57,46,122,175
5,192,106,164,132,80,29,43,206,246,130,182,254,179,36,49,233,88,163,204,163,53,22,64,137,81,120,175,161,66,60,135,166
5,226,112,168,153,101,31,42,227,250,124,177,247,185,36,46,238,89,179,213,175,45,24,58,145,56,137,187,130,16,43,107,190
5,195,126,179,157,120,26,60,212,245,128,181,255,158,38,53,232,90,162,203,161,53,25,57,137,60,119,174,165,63,61,144,181
5,227,120,174,145,52,32,35,229,248,178,213,255,161,34,48,248,80,193,222,167,57,21,74,152,79,118,173,145,19,56,105,167
5,179,113,169,165,116,29,83,200,237,127,180,249,181,36,66,221,93,159,201,129,34,24,52,136,52,101,160,125,88,45,132,181
5,212,115,171,152,110,29,53,220,247,124,177,253,184,36,57,234,70,186,218,176,43,24,71,150,73,137,187,125,13,45,113,178
5,174,145,192,172,13,33,63,204,231,140,189,243,149,40,51,216,97,168,207,223,50,30,65,141,50,125,178,115,29,40,96,191
5,216,110,167,164,130,26,68,221,235,139,188,247,175,36,62,220,87,204,228,159,60,19,71,157,45,134,184,139,40,40,123,198
5,169,108,166,137,66,27,44,194,235,140,189,244,162,33,57,221,93,153,197,145,47,28,54,132,63,97,157,108,44,43,108,170
5,199,139,188,158,115,24,63,217,241,148,194,249,170,36,65,231,79,179,213,166,44,23,64,145,58,123,177,131,48,50,119,184
5,183,175,211,173,14,27,58,215,241,158,200,255,173,31,61,234,80,163,204,148,69,20,70,137,64,128,180,183,72,65,137,181
5,198,173,210,195,33,27,69,223,242,136,186,244,154,38,58,229,78,163,204,172,37,30,70,137,54,178,213,179,19,54,122,205
5,196,132,183,157,8,34,37,214,239,156,199,250,150,35,52,230,81,179,213,176,42,25,68,145,64,121,175,131,38,43,109,179
5,224,153,198,176,40,25,64,234,242,153,198,254,136,43,45,234,74,227,240,174,35,21,65,168,50,112,168,132,54,52,121,186
5,162,98,158,122,102,29,43,187,229,125,178,233,173,31,61,208,101,161,203,139,43,29,48,138,47,79,142,92,88,37,114,177
5,218,109,167,156,135,26,68,222,240,137,187,242,179,32,64,227,81,180,214,146,58,21,62,146,51,153,197,143,49,46,125,200
5,212,121,175,162,15,35,48,221,243,146,192,255,177,35,57,234,78,206,229,164,44,20,64,158,69,111,168,181,49,76,120,172
5,222,145,192,181,80,28,59,231,240,173,209,254,169,31,68,237,84,211,232,146,41,21,59,160,79,164,204,148,49,41,110,185
5,188,100,160,139,83,29,65,203,243,115,171,252,178,41,59,226,81,186,218,139,55,21,57,149,87,115,171,127,66,43,111,161
5,179,139,188,169,32,30,68,205,236,137,187,241,168,36,62,222,91,177,212,156,27,28,50,145,56,105,163,101,28,42,97,179
5,186,109,166,160,65,35,46,204,237,133,184,249,170,36,54,222,92,161,202,162,51,23,61,137,47,99,158,155,69,69,145,184
5,196,143,191,174,89,31,63,216,238,134,185,249,170,31,64,223,89,205,228,208,40,28,58,158,69,141,189,151,7,52,117,183
5,196,112,169,148,80,31,43,210,242,131,183,252,169,35,54,228,94,181,215,154,48,23,58,147,50,79,141,104,65,50,117,174
5,182,96,156,138,50,30,55,198,238,122,176,239,156,41,45,220,105,162,203,160,51,28,49,140,51,82,144,122,84,63,145,174
5,169,138,187,160,8,34,59,200,232,137,186,240,164,35,53,216,109,148,194,161,50,27,53,134,35,89,150,171,77,98,161,190
5,207,139,188,171,86,28,54,222,242,145,192,253,178,33,58,232,91,194,222,145,55,24,58,153,49,102,161,126,27,53,89,184
5,188,97,157,145,85,31,61,202,240,138,187,250,169,34,64,227,95,149,195,151,52,24,64,131,40,66,129,118,98,63,151,177
5,216,106,164,140,68,33,34,220,242,139,188,239,167,36,39,230,85,170,208,148,39,25,61,141,39,114,170,168,41,73,136,195
5,167,98,158,137,96,29,52,190,243,108,166,251,179,38,43,223,96,124,177,122,47,28,44,117,43,63,126,85,92,39,124,174
5,170,113,169,165,68,36,55,195,236,123,176,247,174,35,52,218,99,164,204,144,31,30,43,139,47,70,133,126,95,56,136,173
5,155,68,131,135,128,33,79,177,232,90,151,230,177,42,53,202,89,176,212,148,51,22,53,144,63,76,139,131,101,59,153,162
5,207,120,174,168,64,31,58,218,238,133,184,247,161,40,32,223,93,170,208,150,47,23,67,142,38,134,185,173,59,67,141,203
5,138,103,161,131,15,33,49,175,229,97,157,233,172,39,48,200,100,154,198,138,41,29,45,135,54,81,143,117,87,48,136,171
5,188,165,205,207,45,32,60,216,233,157,200,249,161,32,57,223,88,215,234,222,6,31,56,162,62,114,170,145,59,55,133,177
5,186,113,169,139,109,23,72,204,236,121,176,239,164,42,51,218,94,165,205,144,48,23,54,139,31,77,140,118,56,57,128,189
5,170,122,176,162,72,28,64,197,226,119,174,242,167,37,57,203,92,177,212,162,40,24,57,145,45,132,183,158,70,61,138,197
5,181,152,197,171,56,29,66,210,233,127,180,251,170,35,57,215,87,180,214,158,28,26,54,146,30,99,158,131,53,50,126,197
5,178,109,167,135,52,31,47,199,236,113,169,252,183,38,65,215,86,167,206,142,36,23,59,139,39,84,146,102,39,48,123,185
5,194,141,189,161,74,28,54,215,234,166,205,252,157,31,60,226,84,235,245,200,30,24,62,171,84,108,166,130,24,55,103,160
5,172,111,168,147,115,26,56,196,239,132,183,243,167,33,54,224,80,168,207,138,46,22,65,140,73,91,152,134,92,59,140,160
5,211,121,175,150,83,28,50,220,245,139,188,243,170,35,51,235,81,189,219,149,47,22,57,150,54,96,156,104,88,37,121,177
5,167,104,162,161,31,37,63,191,229,110,168,233,171,37,50,204,104,149,195,147,45,26,53,133,24,76,139,106,65,55,139,195
5,133,171,208,176,14,30,52,187,232,135,185,254,185,31,75,215,86,167,206,153,33,25,55,139,66,80,142,120,104,43,129,161
5,213,121,175,146,88,29,45,222,237,133,184,240,134,43,41,222,79,223,239,197,36,24,65,166,33,77,140,94,53,47,105,188
5,193,138,187,147,23,31,49,213,239,151,196,249,152,37,43,229,86,198,225,172,30,27,54,154,49,69,132,113,37,63,108,170
5,151,129,181,166,50,31,61,188,235,127,180,250,172,36,66,218,89,136,186,142,46,25,58,123,42,62,125,87,95,40,128,174
5,196,134,184,135,104,23,52,214,246,154,198,255,174,33,62,240,72,159,201,133,55,21,66,136,50,68,131,109,93,44,117,170
5,155,93,153,148,84,35,85,182,226,110,167,243,167,40,62,200,104,163,203,121,37,28,37,140,40,70,133,106,63,51,134,179
5,177,122,176,162,21,33,63,201,236,131,182,254,165,39,60,219,92,176,211,155,43,22,58,144,53,92,153,105,83,38,115,176
5,183,94,155,132,112,26,52,199,237,130,182,240,173,34,55,221,100,130,182,121,61,23,56,121,36,93,154,110,67,46,118,191
5,215,150,195,178,69,24,73,228,245,154,198,255,163,37,63,238,87,187,218,131,35,22,55,149,91,190,220,152,66,38,123,187
5,191,144,191,164,92,26,58,214,239,147,193,255,167,33,57,228,83,173,210,169,46,21,66,142,68,146,193,229,45,97,151,185
5,217,155,198,155,30,29,38,230,244,160,202,255,173,30,52,239,93,171,208,169,37,28,56,142,47,135,185,140,27,48,111,196
5,212,146,193,153,91,23,65,226,244,127,179,255,167,42,52,230,78,182,215,138,31,22,60,147,47,146,193,143,24,47,109,200
5,172,165,205,149,39,25,50,207,241,148,194,255,184,29,60,231,80,162,203,198,42,27,69,137,60,96,156,115,34,48,101,172
5,199,113,169,143,113,27,61,212,243,128,180,248,174,40,54,229,80,163,204,144,56,23,63,137,65,142,190,151,48,52,136,186
5,244,110,167,156,137,25,49,238,247,139,188,249,166,39,49,237,97,173,210,157,52,19,59,143,27,135,185,165,52,59,129,212
5,216,139,188,174,103,24,64,227,245,149,195,254,168,35,56,237,84,203,227,172,44,21,61,156,73,138,187,142,31,49,111,179
5,180,140,189,155,73,29,45,206,239,147,193,254,167,32,56,229,93,146,193,173,56,27,62,129,45,93,154,103,75,36,116,183
5,185,142,190,169,85,25,56,210,236,139,188,249,173,32,53,222,98,169,208,172,58,23,59,142,51,126,178,130,48,42,101,190
5,188,155,198,189,38,33,57,214,236,128,181,255,165,37,43,219,95,175,211,234,16,32,65,144,33,108,166,102,18,51,85,199
5,210,134,185,157,60,32,43,223,239,135,185,251,173,35,52,225,81,183,216,199,53,25,79,147,47,151,196,178,32,63,126,201
5,196,138,187,148,47,25,52,215,246,138,188,255,151,41,49,235,85,181,215,166,57,21,61,146,67,106,164,119,75,42,113,171
5,167,147,193,160,41,29,49,200,233,144,191,250,173,32,57,219,88,154,198,144,35,26,58,133,47,107,165,98,43,41,93,187
5,190,159,201,183,5,33,42,216,235,155,199,255,157,33,51,225,80,214,234,247,46,28,72,161,68,116,172,94,27,40,86,174
5,161,139,188,172,52,32,60,196,227,140,189,253,138,38,50,211,96,154,198,234,65,30,71,134,59,146,192,132,28,47,113,192
5,160,131,182,148,28,32,45,193,234,142,190,241,160,35,43,220,95,135,186,163,42,28,60,123,43,79,142,102,66,36,100,179
5,209,125,178,129,64,29,35,220,245,157,200,255,154,36,43,239,81,179,214,202,37,25,69,145,66,112,169,147,82,51,134,174
5,198,196,223,244,16,38,69,228,232,159,201,255,156,37,56,223,91,211,232,219,13,27,65,160,49,156,199,165,23,54,117,202
5,170,142,190,152,116,23,63,201,238,145,192,243,162,34,47,226,96,146,192,177,50,25,61,129,44,79,142,128,44,57,109,179
5,187,155,198,166,58,24,50,213,234,147,194,234,165,31,47,222,91,170,208,220,49,27,63,141,46,134,185,147,29,45,112,197
5,199,174,210,163,26,27,39,224,239,149,195,248,173,30,60,230,81,213,233,195,42,23,63,161,43,89,150,101,83,37,117,183
5,214,134,185,152,98,24,52,225,241,145,192,247,158,37,46,231,97,156,199,169,53,24,64,135,27,117,172,168,43,69,128,206
5,183,162,203,168,36,30,48,213,229,182,215,250,154,32,57,224,97,203,227,160,40,23,58,157,56,94,154,166,84,71,139,174
5,213,169,207,161,78,24,51,231,241,172,209,255,156,35,51,237,85,219,236,202,48,24,67,163,77,147,193,126,49,36,110,179
5,202,127,179,140,92,27,51,217,242,170,208,252,161,33,50,238,83,177,213,165,40,25,56,144,59,84,146,108,75,41,122,169
5,181,151,196,204,72,31,52,209,230,161,202,239,141,34,48,221,90,201,226,198,28,27,56,156,58,104,162,119,46,41,100,177
5,158,131,183,154,45,26,62,192,227,125,178,233,161,36,53,205,105,147,193,156,48,27,53,132,35,103,162,121,21,53,95,195
5,166,146,192,168,54,27,59,200,231,132,183,242,155,35,58,213,100,150,195,167,36,29,54,132,37,110,168,147,44,58,133,196
5,220,211,232,218,24,28,58,243,248,184,216,254,135,36,50,250,77,195,223,178,12,26,58,153,59,141,189,117,38,39,91,189
5,173,159,201,180,12,31,54,206,238,138,187,254,167,34,57,225,97,158,201,192,37,26,61,136,56,118,173,183,50,74,134,184
5,166,141,189,166,108,24,64,199,238,128,180,244,164,34,63,223,85,159,201,217,56,27,78,135,69,119,174,166,33,62,127,174
5,146,131,182,131,66,25,56,185,232,150,195,248,169,33,67,220,92,146,192,159,37,26,50,129,54,55,118,80,99,29,101,161
5,119,111,168,120,23,28,61,165,220,117,173,248,165,39,69,193,99,157,200,153,55,24,55,136,64,85,147,120,52,58,107,165
5,171,142,190,166,64,28,58,202,232,142,190,245,166,33,53,217,86,166,206,142,32,26,55,139,59,131,182,169,54,75,150,186
5,217,179,213,183,2,28,53,235,240,169,207,253,170,31,61,235,90,225,240,224,27,25,65,167,70,157,200,136,25,41,102,187
5,188,190,220,176,49,27,63,221,230,164,205,255,146,33,59,221,95,199,225,227,19,29,66,156,43,129,181,165,32,58,108,198
5,209,123,177,159,116,27,56,220,236,175,211,250,157,35,49,232,90,190,220,141,52,22,54,151,71,142,190,163,52,56,132,182
5,241,210,231,252,31,36,61,254,234,210,231,254,141,31,52,238,100,255,255,241,9,25,65,180,47,160,202,160,25,54,109,205
5,226,169,207,159,84,25,47,239,243,200,225,253,155,31,51,248,95,176,212,163,48,23,55,145,38,107,165,121,60,45,117,194
5,230,167,206,164,9,35,30,240,243,201,226,250,107,39,34,247,89,216,234,205,42,25,61,162,80,151,196,183,50,49,108,179
5,186,165,205,151,19,29,42,215,238,199,225,255,150,30,49,240,92,173,210,151,49,21,58,142,70,93,154,163,67,64,131,164
5,212,116,172,150,43,34,33,220,242,156,199,245,136,42,28,235,89,185,217,190,51,22,68,148,60,114,170,166,77,57,143,179
5,166,136,186,160,44,25,66,197,230,148,194,240,155,36,58,217,101,154,198,200,57,25,57,135,53,110,167,95,25,46,88,183
5,203,168,207,173,49,28,48,225,233,182,215,241,141,35,39,229,92,190,220,186,36,26,50,151,58,157,200,162,42,52,129,196
5,181,155,199,172,74,24,67,210,231,166,206,255,154,32,66,223,87,188,219,176,63,22,67,149,75,150,195,147,54,43,121,182
5,200,135,185,153,75,29,43,217,238,170,208,241,156,34,45,232,91,178,213,149,59,21,63,145,62,123,177,160,63,48,129,181
5,226,171,208,188,33,28,54,239,243,198,225,248,113,38,38,247,98,171,209,217,54,31,72,143,57,159,201,127,36,38,104,197
5,205,124,177,157,100,28,49,218,240,150,195,231,164,33,43,230,96,188,219,188,30,26,58,151,60,119,174,148,18,59,123,181
5,208,166,205,173,23,28,49,227,247,169,207,255,170,32,55,245,86,194,222,172,44,22,59,152,65,96,156,115,61,42,101,168
5,187,186,217,183,14,28,67,220,237,162,203,255,154,36,52,229,97,187,218,230,37,29,67,150,67,148,194,153,17,49,107,186
5,182,197,223,196,45,27,61,219,246,130,182,250,170,32,47,234,82,168,207,160,22,30,59,140,61,140,189,141,54,43,115,188
5,208,153,197,173,4,30,51,225,235,169,207,254,129,45,42,228,82,218,236,206,21,25,66,163,45,97,157,102,68,30,102,185
5,183,135,185,166,34,34,50,207,230,170,208,251,116,45,32,223,96,172,210,212,27,31,72,143,60,124,177,156,44,63,131,183
5,178,142,190,168,16,32,59,205,237,152,196,241,141,37,49,226,102,181,215,194,22,29,62,149,95,143,190,170,21,65,117,166
5,168,151,196,152,22,31,56,202,241,150,195,249,175,32,61,231,82,172,209,133,59,21,64,142,84,99,158,127,94,41,124,156
5,193,128,180,163,40,29,50,211,236,171,209,248,126,37,45,230,88,201,226,201,48,23,63,156,91,123,177,140,33,54,109,161
5,215,142,190,159,26,28,55,227,245,164,204,255,117,44,39,241,87,185,217,210,38,25,69,148,71,138,187,163,54,48,99,180
5,170,136,186,157,56,29,54,200,239,138,187,236,170,32,49,226,85,188,219,170,9,30,53,149,81,92,153,149,77,52,98,155
5,179,143,190,173,97,27,67,207,229,156,199,248,155,35,57,217,103,177,212,200,24,28,66,147,51,120,175,107,7,52,76,188
5,197,152,197,165,43,30,60,218,240,158,200,250,156,34,56,232,103,170,208,184,36,28,58,143,63,137,187,124,19,48,96,186
5,203,142,190,173,83,29,58,220,242,149,194,244,152,37,48,233,93,172,209,197,38,29,58,142,56,133,184,114,17,42,100,189
5,225,149,195,186,58,31,62,234,250,144,192,240,130,52,28,243,76,169,207,214,12,39,71,140,64,170,208,164,5,51,114,196
5,189,130,182,161,87,25,53,210,238,144,191,253,168,36,49,226,86,167,206,195,52,25,64,139,71,153,197,149,16,53,113,185
5,184,127,180,154,69,26,73,206,234,134,185,242,150,39,53,218,84,191,221,202,17,26,63,151,76,146,193,141,35,45,121,180
5,172,148,194,170,54,29,63,204,228,158,200,250,139,37,45,216,96,176,211,200,30,30,64,145,70,154,198,130,31,40,102,186
5,157,125,178,139,24,34,54,190,230,142,190,248,163,35,66,214,92,166,206,121,48,24,46,139,72,113,170,130,85,39,126,170
5,208,126,179,167,47,32,35,220,240,166,205,244,130,41,32,235,88,166,205,175,45,24,61,139,64,145,192,130,66,37,111,188
5,190,106,164,161,119,27,66,205,244,133,184,255,165,40,42,232,77,147,193,127,42,24,63,129,62,106,164,144,68,54,114,175
5,183,109,166,175,135,26,78,201,231,121,175,232,165,37,52,210,102,166,206,129,38,26,39,141,40,116,172,117,15,55,118,195
5,209,131,182,165,28,29,49,221,235,175,211,251,141,34,54,230,96,205,229,182,56,20,63,158,51,98,158,108,69,42,127,180
5,193,117,172,150,56,29,51,209,236,125,178,244,160,41,41,219,89,190,220,196,41,26,59,151,36,80,142,89,47,42,101,186
5,221,168,207,172,44,28,50,236,247,179,213,255,128,43,40,247,72,209,231,209,19,28,67,160,64,103,162,111,20,55,92,172
5,197,142,190,149,74,25,52,217,242,142,190,255,163,36,46,231,75,172,209,174,34,24,63,142,63,138,187,120,33,39,91,186
5,171,113,170,166,21,36,68,196,238,127,180,237,164,40,38,221,89,159,201,128,36,28,54,136,62,97,157,120,49,48,110,171
5,151,142,190,166,106,28,90,190,223,131,183,247,170,40,75,202,108,143,191,192,79,23,63,131,43,128,180,113,22,40,91,197
5,184,163,203,174,31,26,57,213,232,171,208,239,166,30,57,225,95,171,209,210,39,28,67,142,52,124,178,120,36,41,87,189
5,199,86,147,135,72,41,27,207,237,141,190,232,166,35,35,224,79,175,211,153,49,22,69,144,57,104,162,126,79,38,119,178
5,165,147,193,160,51,29,60,199,231,155,199,249,140,36,53,219,89,151,196,197,45,31,58,131,62,136,186,159,28,61,137,185
5,193,122,176,151,82,27,71,210,239,125,179,250,163,42,53,223,85,190,220,166,42,24,60,150,79,150,195,176,57,56,133,179
5,173,144,191,190,38,32,63,203,245,129,181,254,175,35,46,233,81,150,195,121,23,26,52,131,74,109,166,135,86,48,125,167
5,201,111,168,156,107,29,64,212,237,143,191,247,142,41,55,224,79,187,218,191,41,24,60,149,48,99,158,113,51,49,127,183
5,220,105,163,161,113,31,66,222,248,124,177,250,174,37,58,235,86,195,223,165,41,24,54,153,64,118,173,125,86,38,133,178
5,191,112,169,151,144,24,72,207,236,149,195,241,139,38,58,225,100,182,216,189,42,24,54,149,60,95,155,122,47,52,114,172
5,168,115,171,155,125,26,64,195,239,127,180,251,177,35,70,223,95,160,201,162,46,25,55,136,64,84,146,109,59,45,105,165
5,164,198,224,172,23,29,48,209,227,158,200,253,150,33,67,216,97,197,224,221,60,27,74,155,77,167,206,158,66,45,118,187
5,192,122,176,167,86,27,70,209,239,165,205,254,165,35,64,233,97,203,227,158,61,20,56,157,86,89,150,125,87,46,125,150
5,215,135,186,159,90,24,58,226,232,177,212,255,140,37,51,226,101,229,242,200,15,27,54,170,76,153,197,151,41,45,115,182
5,221,135,185,164,114,25,55,229,243,183,216,252,120,41,37,243,101,184,216,208,39,25,69,149,59,112,169,119,42,41,108,179
5,207,101,160,143,68,31,49,214,233,140,188,246,162,39,53,218,87,212,232,209,28,25,60,161,31,66,129,94,78,48,125,185
5,194,102,160,156,113,31,71,207,243,116,171,245,179,40,52,225,92,167,206,136,45,24,47,140,55,106,164,129,85,47,133,180
5,154,136,186,168,57,27,55,191,234,142,190,251,162,35,54,220,94,177,212,166,11,29,58,145,73,75,138,98,102,34,106,153
5,174,118,173,203,84,36,84,198,228,136,186,235,158,33,46,210,113,167,206,171,15,37,28,145,35,80,142,91,34,44,88,187
5,192,144,191,150,85,26,59,214,235,146,192,244,176,32,61,223,103,189,219,167,14,31,43,152,48,106,164,147,52,54,122,186
5,231,127,180,177,132,27,74,233,253,139,188,248,150,41,38,246,91,163,204,134,50,23,57,137,49,129,181,156,40,64,133,193
5,169,123,177,147,7,30,52,197,242,122,176,238,175,37,48,226,86,163,204,144,58,22,61,137,78,104,162,116,60,36,104,162
5,220,150,195,180,66,28,67,231,233,154,198,246,150,37,63,223,82,232,243,216,28,25,63,169,49,149,195,185,10,74,141,200
5,199,125,178,162,25,33,67,215,240,142,190,253,164,36,63,228,88,174,210,175,46,24,56,143,47,105,163,116,56,44,109,186
5,180,127,180,162,44,35,58,204,238,122,176,234,177,34,52,220,84,178,213,127,34,24,53,145,38,69,132,97,56,46,116,180
5,206,101,160,156,47,40,46,213,249,96,156,234,187,39,49,229,92,164,204,182,34,27,53,138,46,108,166,107,73,37,116,188
5,199,112,169,160,94,29,60,212,234,140,188,251,142,39,57,220,97,175,211,185,50,24,58,144,43,118,173,132,72,51,132,194
5,169,141,189,178,60,31,75,200,233,150,196,253,162,34,63,221,104,171,208,135,22,31,43,144,44,59,122,91,76,45,105,171
5,154,144,191,151,101,24,63,192,241,103,162,248,204,31,71,220,79,107,165,146,47,36,42,106,45,122,176,132,64,39,121,194
5,130,96,156,171,85,35,58,168,239,86,148,248,197,32,61,213,78,60,123,75,52,42,33,72,41,97,157,136,88,60,150,188
5,128,121,175,166,88,31,71,173,240,103,162,242,207,30,71,218,84,58,122,89,91,24,55,70,44,105,163,152,47,68,129,188
5,112,118,173,148,110,33,85,163,237,87,149,242,199,39,84,210,99,98,158,92,65,26,43,102,70,91,152,127,71,49,124,163
5,90,61,124,162,133,70,136,137,233,43,104,245,219,68,111,190,74,60,124,98,73,34,60,73,46,67,130,169,84,152,192,173
5,66,36,96,89,120,23,70,15,242,27,83,204,231,24,67,136,83,32,91,28,76,34,33,22,65,23,77,59,128,16,99,93
3,84,105,163,122,82,28,73,144,36,93,153,69,12,37,65,182,190,88,150,227,131,30,81,176,201,46,107,190,180,95,154,75
3,66,124,178,165,95,38,101,138,19,69,133,31,26,34,41,199,160,74,137,223,154,36,100,134,187,68,131,168,157,53,131,92
3,42,65,128,137,101,54,112,109,20,33,92,45,43,46,57,186,160,40,100,219,137,72,108,115,218,50,113,162,171,54,116,83
3,37,57,121,146,94,60,109,105,19,42,104,32,4,68,37,191,148,38,98,150,141,34,71,99,198,50,112,139,135,63,72,78
3,114,117,172,140,93,25,71,164,6,86,148,67,9,41,72,224,137,74,137,186,137,28,89,110,182,123,177,185,100,48,113,126
3,45,26,81,104,177,72,144,101,10,23,76,38,36,90,70,199,115,37,97,169,118,62,82,63,187,62,125,163,95,79,85,88
3,21,29,85,116,127,109,167,87,9,20,71,37,16,152,17,200,118,16,65,79,123,52,40,46,204,30,87,187,201,170,207,61
3,25,23,77,144,152,255,239,88,11,22,74,62,15,198,113,198,128,16,65,133,158,83,139,58,222,23,77,159,206,78,147,60
3,50,60,124,172,136,101,159,113,13,53,117,82,6,87,76,204,121,44,105,225,138,110,157,74,182,71,134,149,93,70,69,94
3,189,189,219,185,74,26,64,221,12,176,212,98,0,37,80,239,144,153,198,194,94,20,66,157,199,207,229,232,34,53,100,164
3,72,130,182,163,36,37,82,143,15,109,167,52,0,37,53,216,101,40,101,113,127,22,69,57,174,161,202,197,65,50,106,145
3,51,129,181,164,53,37,97,131,19,100,160,47,0,36,39,209,102,55,118,82,81,28,44,71,149,114,170,164,86,49,106,128
3,158,134,184,228,64,48,83,193,8,108,166,73,18,43,102,227,102,112,169,255,95,41,99,111,136,217,235,237,42,53,122,177
3,116,114,170,154,14,36,48,164,4,107,165,94,14,44,101,231,95,50,113,108,94,30,52,65,140,148,194,193,31,55,106,147
3,29,114,170,143,56,30,90,115,21,92,153,62,0,36,50,203,113,55,119,193,118,51,91,78,160,72,134,170,115,60,118,99
3,47,118,173,143,58,24,65,126,12,106,164,57,20,28,77,220,98,45,107,118,113,29,69,61,161,60,123,143,123,52,113,91
3,59,97,157,135,10,38,88,128,6,66,129,64,8,50,69,218,116,31,88,119,133,33,80,59,190,87,148,218,116,87,142,105
3,110,90,151,172,91,43,76,155,7,75,138,113,9,80,110,218,115,59,122,174,119,35,97,81,133,143,190,149,23,55,77,147
3,121,112,169,185,84,36,76,167,0,102,161,52,9,34,75,237,111,69,133,157,96,28,62,87,150,102,161,143,81,44,102,121
3,80,143,190,152,62,26,75,150,14,125,179,50,1,30,53,222,103,48,110,101,90,32,43,66,142,134,184,205,67,61,111,140
3,67,170,207,160,53,26,80,150,16,127,180,62,0,29,63,220,110,65,128,155,82,44,65,83,163,127,179,202,50,70,106,130
3,127,137,186,140,44,30,52,176,18,113,170,65,0,33,83,214,101,94,155,160,47,34,61,100,108,194,222,201,28,60,121,180
3,121,146,192,160,32,24,56,174,0,129,181,71,1,31,84,243,116,71,134,167,65,45,50,91,151,100,159,154,88,49,91,119
3,39,135,185,121,70,23,80,126,21,143,191,65,9,30,56,218,105,35,94,109,126,24,69,54,140,71,133,154,125,60,129,107
3,84,146,192,161,36,26,68,154,5,125,178,66,0,33,72,235,108,43,105,107,106,26,54,65,160,99,159,203,77,94,137,116
3,104,114,170,136,74,26,65,158,1,95,155,47,9,34,82,233,121,44,106,152,107,41,71,74,155,108,165,152,107,42,94,123
3,112,114,170,199,78,43,98,162,10,96,156,81,0,45,57,220,111,77,139,135,105,24,74,92,132,146,192,161,24,55,91,149
3,88,135,185,172,53,29,69,154,2,113,170,43,0,29,69,236,107,41,102,146,132,35,95,62,147,89,150,150,67,56,92,115
3,88,98,158,126,70,27,52,144,4,91,152,70,6,34,84,228,116,47,109,188,127,51,92,73,170,84,146,149,104,51,93,105
3,43,117,172,197,58,51,97,124,24,84,146,50,3,40,41,197,105,71,134,174,105,32,83,86,141,109,166,177,82,59,106,128
3,101,135,185,190,23,42,81,160,10,90,151,54,7,37,66,218,108,93,154,231,121,51,118,102,139,131,182,182,36,63,116,140
3,146,109,166,169,42,32,61,180,5,95,155,51,7,32,76,228,118,85,147,206,105,34,84,102,118,154,198,195,58,49,118,159
3,115,188,219,198,43,27,66,180,19,172,209,61,0,26,64,228,102,96,156,165,93,24,74,101,144,178,213,197,58,46,105,159
3,79,166,205,185,28,32,65,156,14,132,183,53,5,27,68,224,111,59,122,196,110,43,93,79,147,129,181,166,39,58,93,136
3,112,193,221,241,70,43,106,180,15,105,163,88,7,39,72,215,119,101,160,239,100,47,108,112,120,192,221,255,46,97,153,173
3,44,89,151,139,122,38,104,117,11,67,131,26,9,39,38,210,115,40,101,153,118,41,84,67,173,68,131,141,131,37,106,93
3,108,41,102,125,175,27,88,34,20,43,104,33,32,23,66,129,20,57,120,8,43,14,58,66,82,100,159,146,121,23,121,107
4,33,57,120,92,46,38,63,102,197,88,150,222,149,43,58,154,192,39,100,202,175,30,89,157,181,41,101,117,161,37,91,71
4,101,110,167,127,68,27,74,155,165,98,158,182,90,49,42,123,232,83,145,252,158,26,78,229,100,35,94,90,99,55,85,112
4,77,131,182,135,30,25,69,146,153,102,161,215,106,52,98,116,226,80,143,231,161,20,73,221,120,74,137,112,86,46,82,120
4,130,147,193,187,50,38,88,180,139,163,204,243,68,50,102,138,234,93,154,255,161,24,65,235,119,105,163,165,21,79,79,137
4,84,98,158,153,85,39,96,142,148,111,168,180,82,43,65,117,228,47,109,242,196,40,104,212,105,69,132,151,114,61,140,126
4,80,88,149,129,102,31,86,137,151,96,156,168,118,32,80,112,235,53,115,234,198,25,85,224,127,41,101,92,128,32,99,95
4,84,150,195,161,67,29,80,155,139,115,171,186,56,54,64,116,226,83,145,243,169,26,82,222,90,69,132,96,58,55,74,137
4,149,108,165,154,43,33,75,182,147,220,236,245,75,41,87,163,224,110,168,255,123,30,56,227,116,58,121,106,119,32,103,113
4,103,117,172,140,41,32,76,157,145,126,179,206,110,46,94,123,231,93,154,253,167,24,70,231,134,76,138,142,116,44,118,113
4,93,88,150,170,134,47,112,145,166,119,174,211,144,35,96,133,231,39,100,243,199,31,92,213,112,41,101,105,112,47,110,106
4,100,156,199,173,47,27,79,165,150,136,186,215,79,47,87,130,229,88,150,253,163,22,76,227,93,55,118,83,79,55,74,129
4,117,100,159,128,21,36,46,162,54,142,190,229,34,119,163,175,191,118,173,255,152,23,81,189,130,76,139,141,80,57,92,115
4,72,116,172,130,76,28,82,140,22,89,150,62,5,44,47,200,138,80,143,194,118,31,87,115,250,93,154,167,59,109,32,123
4,66,161,202,179,87,37,113,147,18,72,135,26,8,57,5,201,122,123,177,195,114,26,94,127,118,76,138,125,79,57,67,122
4,128,108,165,122,137,21,68,170,20,71,135,73,2,59,50,198,104,126,179,194,65,30,82,120,37,66,130,63,47,43,71,180
4,81,111,168,189,22,51,108,144,33,51,114,55,8,77,32,172,102,76,139,129,95,25,76,87,18,78,140,68,34,45,68,200
4,110,135,185,216,78,46,99,166,30,44,105,32,7,70,12,174,123,100,159,163,112,23,76,114,41,167,206,152,4,55,92,211
4,121,94,155,181,166,43,111,163,23,28,85,33,23,73,44,180,122,123,177,197,115,21,78,127,35,85,147,99,53,40,89,189
4,150,117,172,185,23,44,53,185,16,82,144,58,7,43,59,208,100,146,192,198,50,29,78,130,64,125,178,117,24,39,95,180
4,74,138,187,186,42,45,99,146,43,66,129,100,20,75,59,163,110,101,160,113,58,31,46,108,35,123,177,75,24,44,69,202
4,94,150,195,199,69,42,108,160,25,62,126,35,9,66,0,187,122,78,140,138,120,20,75,100,39,116,171,100,17,58,54,196
4,85,132,183,153,103,31,98,151,27,60,123,32,10,58,8,184,112,93,154,174,105,25,84,104,42,89,150,95,28,55,69,184
4,89,123,176,203,78,51,102,151,36,51,114,78,21,58,50,168,100,118,174,236,68,49,104,115,21,75,138,78,40,48,92,197
4,90,96,156,183,92,44,94,145,30,50,113,47,7,71,17,176,116,108,166,135,98,20,66,115,47,83,145,105,37,49,85,178
4,90,130,182,158,83,30,88,153,27,51,114,37,21,48,28,181,127,87,148,146,103,23,70,109,45,105,163,122,0,59,80,188
4,80,139,188,169,54,31,88,150,27,61,124,34,15,48,27,184,123,93,153,197,101,28,78,110,46,80,142,92,17,62,68,177
4,78,75,138,147,80,40,71,133,26,47,110,35,0,66,23,181,91,65,129,98,93,25,59,77,37,65,128,68,68,30,90,179
4,127,141,189,161,99,28,81,177,28,86,148,86,18,43,68,191,115,125,178,223,89,30,80,124,40,125,178,100,1,53,74,198
4,124,151,196,192,81,36,96,177,20,67,130,54,9,50,50,196,123,124,177,220,103,30,88,128,53,125,178,148,9,63,108,188
4,113,89,150,197,115,56,107,156,21,44,106,34,24,44,54,188,126,96,156,213,107,30,82,115,62,116,172,124,40,46,89,178
4,48,50,113,122,74,38,85,38,32,36,95,94,54,84,127,129,122,79,141,121,84,19,55,71,84,67,130,66,21,75,43,108
3,49,104,163,162,76,42,95,124,133,32,90,120,121,56,41,59,225,78,140,254,186,23,84,218,88,63,126,114,75,56,86,136
3,114,161,202,196,82,30,78,174,139,129,181,207,24,70,59,123,229,131,182,249,137,23,49,241,113,90,151,157,14,101,94,132
3,158,97,157,185,47,45,58,184,134,118,173,210,106,48,95,116,246,55,118,247,182,26,56,240,85,122,176,131,25,51,74,165
3,129,154,198,191,48,29,69,181,155,129,181,170,24,71,27,130,240,127,180,253,158,18,68,255,133,62,125,139,112,53,113,105
3,92,120,175,153,89,33,84,152,170,91,152,175,136,28,61,124,224,88,149,250,186,22,86,220,102,56,119,122,88,64,104,122
3,56,87,148,117,124,21,72,123,174,66,130,172,158,33,76,116,217,55,118,216,193,20,83,198,89,22,74,94,132,60,117,114
3,153,65,129,146,97,40,70,175,180,87,149,202,171,41,94,133,234,40,101,223,180,31,55,218,61,74,137,72,41,49,65,162
3,78,99,158,149,84,36,91,139,167,69,133,170,148,32,67,110,223,75,138,241,182,23,86,213,96,56,119,119,90,56,91,126
3,106,146,193,178,81,29,76,166,177,112,169,197,150,29,76,140,227,82,145,250,190,23,86,222,87,42,103,85,88,60,67,127
3,91,107,165,131,76,26,71,148,181,93,154,192,157,33,76,137,216,76,139,254,185,28,98,205,97,57,121,139,118,71,145,126
3,118,121,175,150,62,30,76,167,179,116,171,231,146,36,71,144,222,75,138,254,167,30,88,213,98,88,149,147,75,51,100,141
3,114,89,150,158,116,38,86,158,190,97,157,232,115,58,91,148,217,43,105,230,192,29,86,195,73,58,121,67,23,92,36,145
3,119,157,200,167,30,28,65,176,197,135,185,235,157,34,78,170,210,93,154,255,175,21,84,203,87,53,116,122,118,48,122,132
3,89,158,200,190,83,31,83,160,201,119,174,232,171,34,81,170,185,82,144,238,167,33,111,167,56,47,109,75,75,46,85,155
3,116,124,177,168,50,32,69,167,199,144,192,249,142,36,82,176,175,85,147,220,140,28,91,156,58,92,153,129,59,56,121,172
3,204,140,188,208,88,34,58,220,238,116,171,253,157,42,58,219,99,124,178,159,71,23,71,118,15,168,206,177,0,65,111,231
3,114,159,201,204,49,35,73,174,222,97,157,255,167,44,85,191,90,86,148,151,72,26,66,92,28,154,197,154,5,46,102,217
3,112,140,189,146,73,23,67,168,235,120,174,248,185,31,71,215,89,78,141,97,76,24,52,86,78,135,185,188,52,62,118,174
3,153,91,152,131,102,27,56,180,248,90,152,248,198,36,75,227,60,85,147,130,80,27,89,96,58,75,138,146,87,68,137,166
3,146,131,183,157,64,31,65,185,228,87,149,246,184,48,87,196,92,91,152,123,73,26,50,96,24,169,207,154,0,44,97,224
3,116,78,141,120,90,29,50,156,246,68,132,233,200,41,51,217,69,29,85,43,84,34,57,44,56,91,152,146,60,64,117,173
3,70,113,170,172,87,44,100,138,227,92,153,251,184,46,91,196,82,54,117,93,81,25,56,66,63,95,156,143,65,56,113,170
3,192,177,212,255,66,39,80,220,238,153,197,253,151,41,54,229,70,139,188,134,23,25,61,126,57,198,224,154,0,50,108,210
3,169,100,160,134,67,30,50,192,238,62,126,226,197,43,69,204,80,123,177,124,66,19,67,116,44,172,209,163,0,45,92,211
3,178,99,159,147,114,29,71,197,241,117,172,254,180,38,80,223,55,71,134,126,103,31,104,89,14,85,147,118,19,66,109,207
3,109,108,165,157,89,30,73,159,230,99,158,250,194,40,93,203,89,75,138,125,109,18,74,84,50,102,161,142,36,53,112,182
3,148,146,193,156,78,26,52,189,224,105,163,246,173,38,86,196,74,96,157,157,94,23,84,100,0,113,169,94,12,37,92,228
3,255,169,207,196,23,31,44,255,234,124,178,245,175,34,53,216,83,215,234,202,12,27,57,162,16,255,255,246,4,77,144,255
3,112,151,196,180,52,30,66,170,232,89,150,246,199,38,87,202,76,79,142,101,83,19,73,88,35,112,168,85,40,35,75,198
3,143,166,205,188,74,27,71,191,239,137,186,255,186,33,78,226,66,82,145,93,74,20,69,92,51,126,179,127,25,46,74,190
3,75,104,162,202,77,60,111,138,233,82,144,255,175,57,65,202,70,50,113,87,72,32,69,66,72,87,148,105,31,68,55,159
3,40,10,50,48,156,31,50,0,250,7,44,186,255,31,55,141,73,22,75,44,118,14,74,14,162,28,84,115,181,25,121,43
4,32,32,91,132,126,103,146,95,162,34,92,187,154,77,105,84,228,16,65,204,213,41,95,201,128,24,77,117,144,70,125,82
4,38,39,99,142,154,108,165,100,174,25,80,145,170,49,47,94,218,23,76,233,214,73,136,187,88,22,74,63,122,59,57,115
4,68,71,134,141,115,44,101,126,172,66,130,198,141,50,74,114,222,36,96,210,184,31,91,199,103,57,120,115,74,65,77,122
4,126,145,192,177,4,32,60,177,160,134,184,200,61,49,60,135,235,85,147,233,141,29,54,234,107,89,150,128,36,62,80,136
4,56,82,144,125,84,31,81,123,159,123,177,201,123,35,85,130,218,34,94,200,179,27,70,192,113,35,94,80,96,62,67,101
4,72,80,142,130,113,31,94,131,190,122,176,216,158,34,89,159,210,24,78,183,195,27,78,177,120,36,95,115,133,51,109,96
4,98,136,186,140,73,23,70,159,169,104,163,223,160,42,106,129,240,65,129,241,196,20,79,234,139,58,121,137,92,67,76,99
4,81,100,159,159,47,43,77,141,140,98,158,185,117,48,89,108,230,75,139,255,160,31,72,224,115,55,118,96,121,29,104,112
4,64,109,167,148,70,34,92,134,159,110,167,216,124,46,103,124,222,42,103,213,189,27,88,200,90,36,96,76,77,71,57,121
4,102,103,161,128,125,26,83,154,171,116,172,206,122,34,75,136,226,43,105,211,203,26,93,207,100,75,138,131,97,42,94,134
4,89,97,157,153,92,39,92,145,161,83,146,189,131,33,71,113,231,54,117,233,196,22,84,219,106,69,132,110,59,58,76,126
4,63,108,166,173,0,50,99,133,132,92,153,199,114,56,113,102,222,54,118,254,169,37,85,205,84,63,126,95,52,68,64,139
4,79,60,123,122,137,33,83,130,154,76,139,171,145,34,80,103,232,35,95,217,200,25,77,213,100,45,107,153,119,118,174,118
4,71,86,148,146,94,33,84,132,170,88,149,177,125,34,62,123,225,39,100,214,203,25,89,204,112,50,113,114,58,90,65,111
4,68,112,169,152,61,37,98,137,167,101,160,208,154,41,100,126,224,46,108,220,191,28,92,206,102,40,101,139,128,80,143,114
4,89,116,172,159,101,31,81,150,145,121,175,201,88,44,81,121,228,58,121,210,175,24,65,215,95,67,130,90,50,78,45,133
4,88,91,152,155,53,40,83,143,127,118,173,204,106,50,106,115,228,71,135,254,184,27,80,220,99,37,97,72,106,45,72,114
4,61,71,134,97,82,27,62,122,151,87,148,165,119,38,63,107,220,31,89,202,196,26,77,194,92,61,125,109,61,58,76,132
4,77,91,152,155,98,36,86,137,163,114,170,241,126,47,94,129,221,44,105,228,204,24,93,200,101,52,114,134,121,54,121,121
4,121,126,178,185,110,37,93,170,158,158,200,220,29,60,53,145,235,59,123,237,196,23,86,226,109,62,125,108,89,46,89,120
4,108,127,180,148,46,31,76,163,137,128,180,240,113,65,115,122,217,82,144,244,162,27,86,209,76,116,171,120,28,42,102,168
4,56,106,165,126,101,28,85,129,140,72,135,180,111,48,82,92,225,56,120,240,201,29,96,210,87,53,116,88,76,60,72,132
4,70,98,157,151,106,41,112,134,146,62,125,178,131,45,82,89,226,43,104,237,205,35,104,208,81,83,145,118,24,70,64,151
4,161,108,166,158,117,31,72,189,142,171,209,242,57,48,80,142,234,77,140,242,156,29,67,231,95,121,175,137,48,44,108,157
4,67,107,165,160,92,38,104,135,110,58,121,117,59,72,9,84,221,49,112,236,194,35,103,202,55,68,132,98,10,81,58,165
4,44,88,149,146,104,41,108,117,124,64,128,150,121,44,93,84,214,36,95,214,189,34,93,186,66,69,132,67,7,100,24,156
4,100,125,178,180,111,38,103,158,125,109,166,167,71,42,69,111,226,61,124,229,185,30,93,214,80,110,168,109,39,45,81,163
4,119,96,156,136,108,28,71,162,18,78,141,76,10,46,67,204,134,123,177,214,84,28,76,134,159,142,190,199,75,59,125,138
4,80,77,140,123,69,35,79,135,12,61,124,100,4,92,81,207,114,91,152,193,75,33,78,104,129,59,122,151,115,62,108,106
4,151,103,161,148,101,32,73,182,15,63,127,71,19,50,64,203,131,118,173,163,88,22,61,130,79,163,204,176,9,57,93,184
4,37,80,142,128,79,41,106,111,20,45,107,34,21,64,23,189,111,51,114,116,123,23,72,73,112,81,143,140,87,59,111,128
4,42,69,132,144,118,43,96,111,18,33,92,25,42,38,56,190,121,32,89,84,129,25,54,64,97,72,135,89,30,76,51,134
4,105,55,118,108,151,15,77,35,10,31,89,0,27,35,34,138,81,10,51,50,146,23,91,0,18,51,113,51,75,17,93,130
3,21,108,166,144,68,32,89,110,133,50,112,159,114,53,78,74,227,81,144,253,179,22,84,222,178,46,108,144,146,48,115,76
3,127,64,128,138,133,31,75,159,137,86,148,223,138,84,153,100,255,40,101,228,189,28,47,248,163,91,152,164,151,37,123,111
3,110,131,183,125,56,21,55,165,154,102,161,197,104,40,82,117,241,114,170,255,169,17,65,251,204,65,128,167,157,44,110,90
3,60,134,185,123,77,21,72,138,165,105,163,207,121,39,86,126,218,111,168,255,179,20,85,220,197,50,113,155,184,37,117,79
3,119,189,219,210,55,28,68,183,205,128,180,228,151,35,69,178,212,109,166,251,169,20,86,211,255,79,142,190,205,41,132,118
3,201,173,210,193,126,25,71,225,224,167,206,253,137,35,53,214,187,157,200,255,101,25,79,200,223,200,226,234,106,39,121,164
3,115,140,188,172,20,30,65,169,235,133,184,253,175,33,74,219,172,68,131,197,148,23,66,144,189,88,149,166,139,47,133,105
3,175,255,255,185,23,23,60,227,239,255,255,255,133,29,49,255,91,120,174,170,54,29,73,114,97,192,221,234,45,65,114,184
3,87,178,213,185,40,28,76,163,227,133,184,246,170,34,68,208,83,71,134,114,93,23,68,80,71,140,189,153,16,60,90,181
3,79,75,138,148,133,41,104,134,241,47,109,248,227,59,123,203,68,41,103,93,56,60,46,58,73,75,138,122,84,51,115,154
3,58,34,92,111,185,54,128,111,238,30,87,230,205,84,102,194,80,33,91,135,93,73,100,46,73,41,101,126,75,102,125,137
3,93,43,105,97,74,48,67,134,241,35,94,226,223,58,79,200,74,35,94,53,96,30,46,50,44,44,106,86,30,101,60,165
3,79,122,176,194,79,43,94,145,240,80,143,252,200,42,85,211,69,53,115,72,70,34,43,68,84,93,154,166,51,78,114,153
3,88,76,139,143,113,39,77,139,244,64,127,246,213,44,81,214,71,44,106,107,67,46,70,60,96,86,147,155,102,55,135,141
3,71,104,162,187,104,57,114,137,229,79,142,246,202,52,105,195,82,46,109,86,101,24,64,60,64,102,161,122,38,49,97,172
3,125,88,150,142,124,32,74,163,242,78,141,237,201,43,68,214,88,76,139,194,78,45,92,85,76,119,174,172,78,63,141,169
3,81,55,118,130,76,49,84,130,241,37,97,232,218,59,95,200,79,46,109,91,75,37,44,60,57,40,101,79,84,56,75,152
3,59,28,84,119,152,83,126,110,240,24,79,239,233,90,124,195,81,17,66,56,101,57,45,25,58,26,81,83,86,79,79,144
3,64,39,100,115,147,62,123,116,232,37,97,211,170,114,0,186,49,47,109,67,98,32,99,75,74,54,117,91,60,88,40,143
3,68,87,149,164,82,49,102,130,240,56,119,254,208,58,92,205,75,46,108,68,35,80,10,60,96,88,149,199,82,111,144,142
3,106,76,139,154,102,38,74,149,240,52,115,231,207,52,58,204,81,46,108,103,75,47,43,59,92,168,206,208,47,74,140,178
3,57,75,138,120,135,35,93,121,240,41,102,236,237,47,103,201,71,45,106,92,67,52,32,60,104,82,144,224,108,176,198,134
3,83,82,144,148,77,46,90,138,242,56,119,235,211,50,70,208,64,60,124,158,85,47,93,77,97,83,145,138,56,68,112,139
3,141,54,117,124,62,45,54,166,250,30,88,228,220,64,60,213,72,70,134,94,70,29,53,82,53,92,153,127,8,87,61,176
3,83,125,178,155,70,30,75,148,237,80,142,242,201,40,83,207,75,81,143,200,101,44,103,89,72,70,133,102,69,50,93,152
3,113,122,176,115,78,23,47,164,238,121,176,248,177,32,65,221,92,53,116,71,113,17,63,67,76,121,175,161,72,54,123,170
3,140,88,150,138,77,32,61,172,240,77,140,254,205,44,94,210,69,89,151,135,93,24,93,96,66,135,185,153,36,61,137,182
3,118,121,175,167,77,33,77,167,229,77,140,247,174,54,94,195,86,95,155,229,92,45,97,98,40,123,177,193,48,87,135,198
3,126,94,154,170,107,39,93,165,241,44,106,245,222,65,98,203,78,65,128,101,97,22,57,76,50,141,189,137,0,57,72,196
3,148,96,156,140,82,28,49,179,243,90,152,244,200,40,72,218,66,83,145,175,86,35,97,93,53,106,164,143,67,53,115,182
3,160,141,189,198,92,31,73,195,239,133,184,253,182,34,73,225,81,86,148,133,91,21,80,92,37,119,174,142,19,66,112,199
3,174,151,196,199,100,30,68,206,235,118,173,253,195,36,79,216,69,103,162,127,73,19,76,105,30,175,211,176,15,70,128,222
3,224,169,207,200,44,30,59,237,234,120,175,240,158,42,37,215,91,193,222,238,9,30,63,152,21,204,228,131,0,38,106,237
3,85,180,214,178,66,24,80,162,226,130,182,254,189,36,93,206,72,89,151,90,43,26,51,95,73,125,178,177,39,73,112,174
3,144,165,205,193,52,32,69,191,230,122,176,251,175,34,76,209,84,105,163,123,88,22,73,104,50,182,215,150,1,49,95,210
3,181,202,227,212,60,31,75,220,237,199,225,254,152,31,53,238,70,96,156,112,25,35,49,100,81,250,252,156,0,41,86,212
3,123,41,102,126,155,51,105,152,250,31,88,221,229,50,77,213,99,55,118,106,81,33,61,70,100,132,183,190,87,62,149,160
3,56,9,49,55,188,29,67,52,183,58,121,167,181,20,75,103,0,35,94,0,76,16,74,97,33,39,99,56,102,22,97,144
4,44,82,144,131,93,39,95,115,168,50,113,207,171,79,127,101,225,46,108,247,194,35,99,206,142,60,123,102,98,56,58,99
4,44,69,132,133,103,40,103,112,145,32,91,138,126,62,81,66,236,51,114,254,205,33,102,224,173,60,124,166,160,51,135,88
4,54,99,158,165,79,43,101,125,179,84,147,192,157,36,87,131,217,34,93,202,193,28,89,190,126,65,128,146,30,126,61,111
4,81,94,155,145,44,35,83,140,168,94,155,179,106,48,49,124,226,38,98,213,181,31,76,205,81,32,90,75,111,41,81,126
4,56,62,125,137,125,50,111,117,149,42,103,174,157,74,128,77,230,31,88,237,207,41,97,209,91,44,106,121,112,68,109,124
4,55,87,149,133,152,38,116,123,167,64,127,162,133,37,75,108,223,43,105,237,208,35,112,203,108,53,116,124,87,59,96,116
4,74,121,175,153,122,38,113,142,171,54,117,189,165,47,109,106,229,54,117,249,207,38,116,215,79,43,105,83,99,45,71,134
4,63,93,154,121,56,28,71,129,154,60,124,160,131,45,71,94,230,51,114,217,187,22,75,216,106,58,121,102,75,60,79,120
4,45,24,79,115,145,95,120,100,148,62,125,173,150,46,105,90,226,17,66,192,198,41,65,198,109,22,75,134,163,163,197,96
4,82,75,138,140,140,35,91,136,161,73,136,193,139,44,72,107,228,29,87,214,205,33,88,206,82,57,120,112,51,71,76,138
4,90,66,129,149,166,39,100,138,172,121,175,221,120,41,79,139,221,34,93,204,185,29,77,196,107,49,112,141,131,66,141,115
4,116,135,185,167,48,31,83,169,149,158,201,226,96,43,94,140,229,75,138,250,175,26,82,223,102,75,138,93,32,78,52,132
4,78,92,153,171,97,53,107,138,132,106,164,194,108,59,113,110,229,52,115,252,189,37,100,214,114,74,137,142,80,59,125,123
4,122,119,173,188,39,41,87,169,174,126,179,231,124,43,69,144,236,56,120,233,176,30,81,226,120,70,133,156,128,50,117,118
4,113,132,183,146,43,27,66,167,162,153,197,238,84,46,67,145,230,67,130,248,186,25,83,221,107,66,129,119,77,53,92,124
4,68,89,150,157,50,43,100,131,123,79,141,245,127,136,170,94,235,62,126,252,185,28,78,227,138,54,117,153,148,72,144,97
4,101,125,178,196,104,38,93,158,180,128,180,254,125,59,102,150,210,136,186,255,105,30,60,218,179,73,136,172,146,45,109,96
4,110,97,157,155,110,31,87,157,249,67,130,233,208,34,75,222,93,115,171,134,55,28,49,112,142,77,139,173,112,67,136,110
4,129,153,197,179,79,31,79,180,247,117,173,255,148,45,56,232,94,108,166,184,50,39,62,107,130,134,185,176,77,50,123,145
4,67,70,133,123,77,34,65,125,246,47,109,243,227,44,84,212,79,73,136,123,84,28,71,82,120,30,87,82,110,71,56,93
4,121,129,181,163,86,28,75,170,250,77,140,246,218,34,74,226,76,115,171,136,18,36,57,111,117,99,159,140,72,43,93,134
4,78,107,165,135,86,31,83,141,247,79,142,249,203,39,92,222,66,75,138,92,69,24,76,87,150,65,128,149,113,53,104,99
4,113,126,178,195,21,43,84,165,252,83,145,251,178,54,54,230,82,91,152,132,19,47,46,95,120,89,150,129,12,97,54,128
4,74,56,119,116,101,37,93,126,250,41,103,225,221,46,88,216,79,63,127,108,68,34,53,75,114,19,70,72,142,42,81,90
4,70,111,168,165,57,37,99,137,233,53,116,240,219,56,117,193,74,47,109,108,88,38,93,61,45,74,137,77,7,74,52,176
4,66,86,147,131,110,32,92,129,233,49,111,231,223,45,105,192,67,56,120,116,74,35,70,72,53,42,104,68,67,52,84,156
4,83,173,210,162,27,29,85,160,238,89,150,243,203,39,93,211,76,78,141,113,68,28,52,87,62,86,148,78,42,42,75,167
4,80,63,126,141,62,52,101,131,236,39,100,231,220,72,127,193,85,77,140,89,59,40,28,85,57,35,94,97,136,57,153,149
4,85,94,154,162,64,39,90,142,231,38,98,228,216,56,95,185,77,73,136,114,98,24,83,82,43,90,151,93,29,49,71,184
4,138,99,159,142,90,31,86,174,244,57,121,237,213,41,94,211,50,126,179,112,49,22,62,126,52,47,108,102,95,52,138,159
4,116,95,155,125,134,27,81,160,234,58,121,244,171,59,70,196,78,104,163,221,59,46,82,104,34,60,123,86,59,49,97,180
4,71,43,104,98,107,38,81,121,229,27,82,226,230,71,117,178,85,44,105,90,87,30,51,57,26,28,84,83,110,65,137,176
4,109,54,117,122,158,32,92,146,234,29,85,218,241,56,116,187,75,63,127,63,75,29,39,75,17,48,110,86,57,67,83,192
4,85,50,113,108,105,33,86,81,230,26,81,209,226,38,72,153,85,29,86,84,90,37,60,31,34,101,160,79,23,32,81,165
1,14,1,19,25,202,97,28,75,172,4,33,121,199,86,66,77,213,0,11,122,231,70,136,170,81,6,40,53,169,45,154,112
1,24,0,15,34,251,212,255,81,183,1,16,133,236,255,255,91,205,0,13,130,232,255,255,158,61,0,6,26,174,10,129,129
1,21,0,0,4,252,0,62,78,180,0,0,101,236,0,69,86,204,0,0,90,235,0,67,157,57,0,0,16,176,0,102,133
1,20,0,0,4,252,0,62,78,179,0,0,101,235,0,69,85,204,0,0,90,235,0,67,156,56,0,0,16,176,0,102,133
1,19,0,2,7,244,0,62,77,178,0,2,103,232,0,69,83,204,0,1,93,234,0,67,157,56,0,5,21,170,5,114,134
1,19,0,0,4,252,0,62,78,178,0,0,102,234,0,69,83,204,0,0,91,234,0,67,156,55,0,1,16,174,0,102,134
1,20,0,0,4,251,0,62,78,178,0,0,101,235,0,69,84,204,0,0,90,234,0,67,156,55,0,1,17,174,0,104,135
1,22,0,0,4,253,0,62,79,179,0,0,101,235,0,69,84,203,0,0,89,234,0,67,156,53,0,0,15,174,0,102,136
1,20,0,0,4,252,0,62,78,178,0,2,101,233,0,68,83,204,0,0,90,234,0,67,156,54,0,0,15,174,0,102,136
1,20,0,2,5,243,0,59,78,177,0,3,106,233,5,89,82,204,0,0,91,234,0,67,157,54,0,7,28,172,55,182,136
1,18,0,2,6,241,0,58,77,176,0,3,103,230,2,77,79,204,0,1,93,234,0,67,157,54,0,6,24,168,18,132,136
1,19,0,1,5,249,0,62,78,176,0,3,101,229,0,65,80,203,0,6,96,229,4,52,155,51,0,11,20,163,23,68,139
1,20,0,2,5,247,0,62,78,172,0,2,97,228,0,69,72,190,0,3,84,225,1,75,134,21,0,8,8,153,16,136,170
1,20,3,28,37,164,139,17,79,175,2,24,127,227,107,183,80,193,2,24,133,218,133,183,140,35,10,51,61,151,107,200,160
1,21,0,5,15,247,11,102,79,183,0,10,120,227,98,129,92,197,0,6,94,222,17,35,146,49,0,10,19,150,116,0,141
1,21,0,0,4,253,0,62,79,183,0,0,104,239,0,69,91,198,0,0,84,231,0,67,147,49,0,0,13,171,0,102,141
1,20,0,1,5,250,0,62,78,183,0,4,113,235,14,104,91,197,0,2,86,226,1,61,147,49,0,2,16,170,0,105,141
1,20,0,2,5,246,0,60,78,182,0,4,110,233,5,78,89,198,0,1,87,230,0,67,147,48,0,7,24,167,30,151,143
1,19,0,0,4,252,0,62,78,183,0,0,104,239,0,69,91,197,0,0,84,231,0,67,146,49,0,0,13,172,0,102,141
1,19,0,0,5,252,0,62,78,182,0,1,104,237,0,68,90,196,0,3,86,228,0,62,145,46,0,6,14,163,6,80,144
1,23,0,0,5,253,0,62,80,180,0,2,103,235,0,67,87,193,0,0,80,228,0,67,139,34,0,4,8,162,0,99,156
1,24,0,4,9,240,2,55,81,180,0,2,103,234,0,68,87,192,0,1,82,228,0,67,139,32,0,8,19,157,51,161,159
1,24,0,0,5,255,0,62,80,180,0,0,102,235,0,68,87,192,0,0,80,228,0,67,138,32,0,0,6,163,0,102,159
1,24,0,1,6,250,0,62,80,180,0,0,103,236,0,69,87,192,0,0,82,228,0,67,139,33,0,3,11,160,2,109,158
1,23,0,0,5,254,0,62,80,180,0,2,103,233,0,65,86,191,0,2,80,225,0,64,137,31,0,5,6,156,4,84,160
1,21,0,0,4,253,0,62,79,175,0,0,98,232,0,69,78,184,0,2,74,222,0,65,126,16,0,3,0,153,0,100,175
1,20,0,3,7,246,0,63,78,176,0,7,110,232,28,128,80,185,0,9,90,219,22,109,127,19,1,15,15,153,60,171,172
1,20,0,0,4,252,0,62,78,180,0,0,102,236,0,69,86,189,0,0,77,226,0,67,133,29,0,0,4,162,0,102,162
1,22,0,0,4,253,0,62,79,180,0,0,102,236,0,69,87,189,0,0,77,226,0,67,133,28,0,0,4,161,0,102,163
1,20,0,0,5,253,0,62,78,179,0,0,102,236,0,69,85,189,0,0,79,226,0,67,133,28,0,0,4,162,0,102,162
1,19,0,6,10,235,6,52,78,181,0,9,111,231,23,90,88,191,0,9,98,222,32,116,137,36,1,19,27,157,90,186,155
1,20,0,4,10,238,4,61,78,179,0,3,107,232,3,78,85,191,0,1,83,226,0,68,137,32,0,6,14,154,15,112,158
1,21,0,1,5,250,0,62,78,179,0,4,110,232,14,105,85,191,0,1,80,226,0,67,137,32,0,4,13,160,7,122,158
1,20,0,9,16,227,29,63,78,186,0,13,118,233,32,94,97,193,0,10,101,222,40,114,140,48,3,30,44,147,103,173,144
1,19,0,0,3,253,0,62,78,185,0,0,106,240,0,69,95,191,0,0,79,228,0,67,137,42,0,0,10,168,0,102,148
1,20,0,0,4,253,0,62,78,185,0,0,106,241,0,69,95,191,0,0,79,228,0,67,137,41,0,0,9,168,0,102,149
1,21,0,0,4,253,0,62,79,185,0,0,107,240,0,69,95,191,0,0,79,228,0,67,137,40,0,0,10,167,0,102,150
1,21,0,0,4,253,0,62,79,185,0,0,106,239,0,69,94,191,0,0,79,228,0,67,137,39,0,0,9,167,0,102,151
1,22,0,5,10,244,2,64,76,183,0,3,106,237,0,69,90,193,0,5,96,228,17,111,138,39,0,11,20,157,36,127,149
2,17,1,21,39,227,177,200,77,97,3,27,70,154,122,157,48,232,1,20,160,239,127,157,201,123,8,46,110,193,255,255,73
2,2,2,22,22,204,61,81,68,123,3,29,87,166,105,122,17,237,1,17,141,240,43,62,208,224,4,32,107,236,51,81,36
2,3,0,10,8,227,13,69,68,123,1,16,71,180,53,74,9,238,0,10,132,248,13,71,210,220,2,24,93,238,34,85,30
2,6,2,23,20,193,46,50,70,123,7,44,84,159,43,57,27,237,1,20,139,236,32,51,209,213,7,42,113,232,49,131,34
2,5,0,11,12,224,20,82,69,144,5,36,105,185,59,83,35,235,0,10,128,246,12,77,205,233,3,26,102,227,100,49,42
2,0,0,8,7,230,7,68,66,140,5,36,84,185,27,49,30,235,0,11,127,248,9,75,205,220,3,30,95,239,25,88,33
2,7,2,22,18,202,46,68,71,144,14,60,115,185,38,105,47,234,1,20,130,237,29,31,205,209,10,50,114,210,51,117,36
2,5,0,5,3,237,1,58,69,155,0,12,89,207,29,59,44,236,0,5,123,249,1,63,207,192,1,17,88,232,53,127,8
2,2,0,11,10,220,20,73,67,151,2,25,99,196,54,87,41,235,0,8,127,246,8,73,205,211,1,16,92,242,45,129,18
2,1,0,4,3,235,0,63,67,153,0,12,91,207,30,93,41,235,0,4,122,250,0,67,205,205,0,13,83,240,17,92,12
2,0,0,2,0,239,0,62,66,155,0,10,88,209,17,76,44,234,0,2,119,250,0,67,204,210,0,5,83,251,3,113,15
2,2,0,1,0,240,0,62,67,158,0,4,87,215,1,65,50,234,0,1,118,251,0,67,203,212,0,3,81,252,0,102,16
2,0,0,6,4,234,2,70,66,159,0,14,98,211,42,86,53,232,0,4,119,249,0,68,201,216,0,12,90,251,27,141,22
2,6,0,8,13,231,20,99,70,139,2,26,84,187,34,74,24,239,0,8,133,249,9,76,211,201,3,27,86,222,42,74,18
2,4,0,7,5,234,4,68,69,128,0,9,68,189,20,86,3,240,0,6,129,252,2,71,213,188,0,10,79,233,20,107,4
2,5,0,5,4,235,1,64,69,126,0,4,62,189,2,68,0,241,0,4,128,252,1,69,214,186,0,5,71,237,1,103,2
2,5,0,4,3,238,0,61,69,126,0,8,65,189,12,70,2,241,0,3,126,253,0,66,214,187,0,10,76,236,12,110,4
2,3,0,3,3,239,0,64,68,125,0,5,62,189,3,71,0,240,0,3,126,254,0,68,213,192,0,5,74,241,1,104,0
2,3,0,1,1,241,0,62,67,127,0,5,65,191,5,90,0,240,0,1,123,255,0,67,212,195,0,3,73,243,0,101,0
2,3,0,2,1,240,0,62,67,133,0,7,69,193,8,73,8,240,0,2,124,254,0,67,212,197,0,4,77,243,1,105,2
2,2,0,2,2,240,0,64,67,135,0,11,75,194,30,105,12,239,0,2,123,253,0,67,211,199,0,8,79,238,10,93,5
2,3,0,12,13,220,37,94,68,145,3,30,90,188,34,60,34,236,0,9,128,246,10,64,206,219,3,28,122,244,215,224,31
2,3,0,12,8,210,29,32,68,153,4,34,101,189,48,56,46,235,0,10,127,242,18,61,204,208,2,24,88,235,31,80,20
2,5,0,9,7,216,21,41,69,146,3,29,104,190,64,105,35,237,0,10,127,244,19,47,208,201,5,35,103,218,51,104,23
2,3,0,6,5,236,2,70,68,148,0,14,89,202,38,85,33,237,0,7,128,250,4,78,208,204,1,21,87,231,40,81,16
2,0,4,31,37,129,213,0,67,153,2,22,98,196,51,69,44,234,2,26,157,215,165,16,204,217,0,12,89,236,80,52,23
2,2,0,6,3,232,2,59,67,151,2,26,97,196,40,83,41,234,0,5,123,249,2,72,204,219,1,19,112,247,234,229,27
2,1,0,7,4,223,7,54,67,156,2,22,102,197,76,62,49,233,0,6,123,245,6,57,202,219,1,16,93,248,28,119,26
2,0,0,5,3,230,2,70,66,154,1,19,100,201,72,76,45,234,0,5,124,249,3,78,203,214,0,10,88,245,19,89,20
2,1,0,5,5,234,2,69,67,150,1,18,92,199,53,64,38,235,0,7,126,249,4,71,205,213,0,12,87,244,20,96,19
2,1,0,7,4,234,3,72,67,150,2,22,98,197,54,90,39,235,0,6,124,249,3,73,206,208,2,22,88,235,31,82,19
2,3,0,8,7,228,8,68,68,152,2,26,104,199,60,109,44,235,0,7,128,248,7,74,205,212,0,9,83,248,8,95,18
2,2,0,7,3,230,4,53,67,157,1,19,98,204,36,66,50,234,0,7,123,245,7,58,203,205,0,14,84,237,25,98,13
2,4,0,6,6,233,2,70,68,155,1,18,95,204,40,90,45,235,0,5,125,248,2,67,206,205,0,14,85,240,25,100,13
2,1,0,5,5,233,2,70,67,153,1,21,95,201,40,76,43,234,0,5,122,245,5,52,204,215,0,10,85,248,11,101,21
2,4,0,8,6,229,8,69,68,154,1,19,98,202,58,90,44,234,0,7,127,247,8,73,204,219,1,19,96,228,113,59,27
2,1,0,7,5,233,3,70,67,154,1,20,96,201,42,59,45,234,0,5,123,249,1,69,204,213,0,12,87,244,19,99,19
2,4,0,10,7,230,10,63,68,151,2,23,92,193,41,54,40,235,0,9,129,246,11,71,206,217,1,17,91,239,37,84,25
2,1,0,6,6,226,6,62,66,158,1,17,104,205,82,87,51,233,0,7,125,245,9,67,202,214,0,14,88,237,47,91,21
2,2,0,5,4,232,2,68,67,154,0,13,91,206,36,66,44,235,0,6,126,248,4,76,205,209,1,19,88,233,41,75,19
2,3,0,8,11,226,17,87,68,152,1,21,95,193,65,44,42,235,0,9,133,248,18,96,205,215,1,20,91,233,50,77,24
2,0,0,1,1,238,0,63,66,154,0,9,87,205,28,43,42,234,0,2,122,250,0,70,203,222,0,4,88,255,2,104,27
2,0,0,6,5,234,3,68,66,153,2,22,99,196,56,72,43,234,0,5,122,248,2,71,203,216,0,14,89,242,33,86,23
2,0,0,4,3,237,0,67,66,150,1,16,87,198,49,36,37,235,0,6,124,249,3,77,205,214,0,14,87,235,80,28,21
2,0,0,5,4,235,2,75,66,147,2,22,89,196,35,79,34,235,0,8,127,248,9,83,205,215,1,17,87,239,38,67,23
2,1,0,4,2,233,0,60,67,148,1,18,95,201,78,131,35,236,0,5,123,250,1,71,206,211,0,13,88,241,28,106,18
2,3,0,7,7,236,6,86,67,146,1,21,88,195,43,54,32,237,0,7,129,250,6,83,208,210,1,18,91,233,55,89,20
2,1,0,5,3,235,1,67,67,146,1,19,89,197,35,69,32,236,0,6,126,249,3,73,207,213,1,15,85,242,30,70,21
2,3,0,5,6,232,3,69,68,142,1,19,84,193,35,69,26,238,0,5,129,250,3,78,210,203,0,12,82,239,19,94,10
2,4,0,7,4,231,3,56,68,152,2,26,93,192,47,35,44,235,0,7,125,248,4,73,205,215,0,14,88,244,23,94,22
2,9,1,19,21,216,60,103,72,139,13,57,103,176,36,90,41,238,1,18,143,242,33,74,210,204,3,28,96,227,47,100,20
2,6,0,3,2,239,0,62,69,129,2,23,78,181,47,81,13,240,0,2,124,254,0,67,213,195,1,20,84,232,29,111,11
2,6,0,3,4,237,0,61,69,128,2,23,75,181,38,68,12,240,0,3,124,252,0,63,213,196,1,20,83,226,46,80,11
2,4,0,4,4,237,1,66,68,128,2,26,75,176,40,55,15,239,0,4,125,252,0,69,212,201,1,19,86,226,63,66,13
2,3,0,2,1,240,0,62,67,127,0,13,68,186,28,74,5,240,0,1,123,254,0,67,212,200,0,11,83,240,18,117,8
2,4,0,3,2,238,0,63,68,126,1,19,73,183,40,82,9,240,0,3,125,253,0,67,212,199,0,13,82,238,22,106,8
2,9,0,7,6,234,4,64,71,123,4,34,89,171,68,103,21,240,0,6,129,249,6,56,213,189,4,33,88,223,32,113,20
2,6,0,6,6,233,2,63,70,124,2,23,76,180,49,103,13,240,0,5,130,251,2,69,213,189,2,21,81,223,37,89,12
2,6,0,4,5,239,0,65,70,120,1,17,64,174,42,47,12,240,0,3,127,251,1,65,213,193,2,25,89,225,50,106,14
2,4,0,3,3,237,0,63,69,120,1,16,66,181,41,97,11,240,0,2,125,253,0,67,213,190,0,13,79,233,21,106,6
2,4,0,3,2,239,0,62,69,123,1,17,66,177,38,62,9,240,0,2,124,252,0,66,213,191,1,19,80,229,27,100,10
2,5,0,6,6,233,3,63,69,123,1,15,70,179,51,85,9,240,0,5,129,251,2,66,213,185,1,16,75,227,30,79,9
2,7,0,11,19,229,61,139,70,125,1,17,76,180,72,101,9,241,0,10,144,250,49,127,214,187,1,18,79,225,36,86,9
2,5,1,15,10,204,46,22,70,131,6,40,100,174,70,137,25,239,0,12,129,239,54,0,211,201,3,27,92,227,45,135,18
2,7,0,13,16,223,45,95,70,153,2,25,98,190,70,37,43,237,0,10,132,246,18,68,208,194,1,17,81,229,39,90,9
2,7,0,13,20,228,57,127,70,156,2,25,112,202,90,121,48,236,0,9,132,245,18,79,206,181,3,27,84,221,31,107,18
2,3,0,3,4,236,0,65,67,152,0,12,91,207,37,94,40,236,0,2,123,251,0,68,206,200,0,11,82,240,18,110,8
2,6,0,6,5,231,3,61,70,153,3,29,104,191,69,79,45,236,0,7,126,248,4,66,207,200,1,19,87,232,46,83,12
2,3,0,6,5,232,3,64,68,151,0,12,86,203,32,45,39,236,0,6,127,249,3,73,206,203,2,22,86,233,32,89,16
2,4,0,3,1,238,0,59,68,150,0,13,84,204,25,52,37,237,0,4,122,251,0,65,208,199,1,18,85,234,30,106,11
2,3,0,2,1,239,0,62,68,148,0,7,82,206,10,82,33,237,0,2,123,252,0,67,209,197,0,11,82,240,17,112,6
2,0,0,2,0,239,0,62,65,147,0,5,80,207,2,74,31,236,0,2,122,252,0,67,206,210,0,7,81,247,4,93,15
2,0,0,1,0,239,0,62,66,147,0,4,78,207,1,65,31,237,0,2,121,252,0,67,207,205,0,6,79,246,2,100,10
2,1,0,3,2,237,0,64,67,145,0,6,79,205,7,87,28,237,0,3,124,252,0,70,208,201,0,8,79,243,4,101,7
2,4,0,9,12,233,31,123,68,147,1,20,94,191,82,83,33,237,0,8,135,249,19,99,209,203,0,12,83,242,19,111,11
2,3,1,20,18,192,60,52,68,136,5,35,90,179,39,97,26,236,1,19,142,232,59,39,208,219,4,33,109,233,56,120,33
2,11,62,125,114,45,60,100,91,114,23,76,119,132,66,80,52,232,50,113,253,171,46,80,219,220,15,62,138,216,80,152,50
