5,102,132,157,131,126,49,76,137,82,97,136,113,120,30,132,65,226,118,159,221,181,16,114,218,179,65,102,192,190,99,166,116
5,48,41,59,0,142,18,0,46,81,30,58,68,151,25,99,44,234,75,120,187,204,7,86,220,155,0,0,86,205,21,67,38
5,99,97,122,58,115,28,30,117,71,87,127,91,116,29,106,55,232,100,144,187,189,7,85,222,167,62,98,171,188,97,174,96
5,106,108,133,124,135,75,114,127,85,101,140,124,137,44,164,68,233,68,112,180,199,8,82,218,160,95,133,202,180,143,218,104
5,124,89,114,153,117,135,122,131,80,94,133,79,95,36,87,63,234,124,165,235,162,25,117,226,85,92,130,149,110,82,159,78
5,64,119,144,200,126,151,151,101,96,98,137,163,161,68,180,76,230,100,144,219,183,16,105,219,112,71,108,201,134,255,232,55
5,104,151,173,220,106,190,187,148,125,163,192,196,139,47,147,115,217,101,145,244,168,46,135,208,134,97,134,227,158,193,214,80
5,99,159,180,255,154,252,255,148,130,132,168,168,170,36,160,114,215,79,124,239,204,58,166,203,122,145,178,220,125,180,228,100
5,83,117,143,112,126,38,48,115,79,54,90,116,149,55,139,50,236,122,163,227,176,10,88,228,117,97,134,145,94,66,97,72
5,57,78,103,57,152,35,59,74,32,37,68,36,99,68,56,23,243,106,150,214,191,14,100,232,89,25,48,74,124,30,62,26
5,83,70,94,132,200,89,129,90,58,69,108,81,141,20,129,42,237,103,146,245,163,28,122,226,78,53,88,137,91,141,128,59
5,106,62,85,98,160,79,100,104,52,112,150,65,79,57,59,54,228,114,156,229,104,49,80,219,74,108,146,97,4,65,5,96
5,255,136,160,108,70,39,34,255,44,107,146,60,88,33,79,50,243,160,193,229,64,44,54,239,82,255,255,114,0,18,2,155
5,117,102,128,111,194,40,87,133,57,35,66,51,143,20,113,28,247,116,158,218,214,5,108,237,120,88,126,188,122,113,144,68
5,36,55,77,54,190,45,107,46,43,12,26,25,145,23,101,10,240,82,127,220,230,15,126,226,136,36,65,126,160,51,118,41
5,117,43,62,118,193,119,134,102,36,58,95,37,127,13,93,32,243,57,100,186,225,11,100,225,126,124,159,200,98,79,120,91
5,38,71,96,31,139,21,64,56,29,33,62,20,123,14,94,22,239,95,140,205,200,9,112,227,102,42,73,106,94,51,45,34
5,164,115,140,145,184,58,90,175,39,48,83,82,138,42,140,28,251,133,173,230,179,13,93,242,116,129,164,183,128,65,138,90
5,155,92,118,100,124,68,44,157,20,89,128,90,65,69,121,46,243,109,152,235,166,27,96,233,87,131,166,143,61,39,69,98
5,126,92,118,141,93,89,83,134,27,69,107,27,97,29,65,37,241,95,140,254,167,43,118,228,77,128,163,139,30,72,71,104
5,61,55,77,44,195,15,64,65,36,45,79,42,130,17,104,27,243,82,126,206,220,4,108,229,118,42,73,90,142,17,72,33
5,63,100,125,94,106,40,72,91,34,8,19,16,129,42,93,6,243,124,165,229,179,9,111,234,102,65,101,111,97,39,58,51
5,36,123,148,156,114,66,107,83,23,20,43,12,117,28,94,17,236,139,177,239,179,9,120,230,98,73,110,176,120,169,185,58
5,102,137,161,56,0,41,6,140,21,118,156,87,78,34,113,55,237,159,192,215,111,14,83,234,109,81,119,124,52,67,57,62
5,27,152,174,173,72,94,116,92,42,75,114,107,111,61,129,39,235,159,192,252,145,22,113,232,97,41,71,127,121,152,180,35
5,55,113,139,91,158,35,77,92,31,21,43,51,120,64,119,15,246,140,178,237,204,10,113,239,113,20,41,101,157,55,109,12
5,70,128,153,115,141,33,82,111,13,21,43,12,115,29,99,22,242,161,194,243,187,8,114,238,100,47,79,119,122,59,99,38
5,92,142,166,130,165,46,107,134,6,35,66,23,87,43,85,34,247,151,186,236,218,13,128,241,109,51,84,163,142,181,207,39
5,77,105,130,129,124,79,126,104,0,46,81,10,74,43,72,42,234,155,190,246,124,26,113,230,117,69,106,139,148,41,112,54
5,63,103,129,78,51,44,73,92,0,59,95,42,77,39,99,47,240,127,167,227,138,20,119,232,118,25,48,136,160,158,170,18
5,14,128,153,94,26,61,45,69,2,50,85,8,54,97,34,42,234,156,190,252,130,29,95,230,109,10,22,106,149,143,148,0
5,95,109,135,133,92,103,101,119,10,112,150,91,78,38,129,57,239,147,183,249,106,40,95,233,101,36,65,118,93,134,124,29
5,65,92,118,141,164,93,139,88,13,28,55,10,114,15,98,26,239,115,158,235,208,19,133,230,108,77,114,164,111,107,145,59
5,70,128,153,125,99,45,76,111,13,43,76,17,106,16,90,32,243,140,178,232,180,9,111,236,125,48,81,148,158,93,157,42
5,64,134,158,139,139,78,133,109,22,20,41,5,134,9,92,17,245,144,181,245,202,18,133,238,125,47,80,165,163,193,230,41
5,67,106,132,102,184,43,109,97,18,52,88,32,91,36,70,34,244,128,168,231,216,14,133,236,121,26,50,114,146,68,103,21
5,29,127,152,118,155,55,116,79,17,22,46,45,120,56,133,21,236,146,182,244,187,14,126,231,119,56,91,168,142,145,165,45
5,14,131,155,152,162,84,134,71,23,18,39,18,119,42,72,16,237,142,180,246,215,20,136,231,116,47,80,172,142,224,201,37
5,83,118,143,77,164,21,65,116,15,22,46,9,117,29,73,22,247,137,175,233,214,5,108,239,122,49,82,149,135,94,140,41
5,54,164,184,143,92,46,89,118,19,44,78,23,119,11,95,30,241,176,205,240,163,9,113,239,116,46,78,159,170,188,229,36
5,38,107,133,76,158,30,102,75,29,34,64,34,115,30,85,22,240,125,166,214,207,8,123,232,115,36,65,119,128,90,132,28
5,87,189,206,149,75,56,98,156,38,63,101,53,98,27,93,34,239,218,232,252,49,27,91,242,120,76,114,174,121,110,153,60
5,115,170,190,177,125,55,88,167,35,74,113,71,104,29,93,38,251,183,209,252,180,11,106,248,117,37,67,158,156,205,210,29
5,111,160,181,168,144,54,114,158,43,97,136,67,90,24,95,47,245,165,196,244,184,10,115,241,122,63,99,171,170,144,205,52
5,73,140,163,134,129,56,100,119,49,74,113,48,95,34,72,40,239,152,187,229,188,10,116,234,118,69,106,174,149,129,192,55
5,64,209,221,208,114,100,145,149,40,41,73,24,96,58,53,25,238,187,212,246,135,14,111,238,127,113,150,211,157,198,247,85
5,48,138,162,157,109,77,92,99,41,39,70,44,119,30,82,24,237,135,174,239,187,11,98,230,141,75,112,175,164,127,190,73
5,89,158,180,169,70,77,100,141,53,42,75,37,126,27,76,29,243,162,194,249,146,16,106,239,139,71,108,174,149,100,157,68
5,35,172,191,148,83,44,64,107,41,28,55,35,106,58,75,19,238,161,194,234,171,8,93,234,136,69,106,196,174,176,219,64
5,64,144,168,198,110,109,114,115,36,39,70,35,116,24,85,24,238,122,163,228,185,11,95,230,151,92,130,226,150,206,234,92
5,49,121,146,186,124,151,161,92,44,10,24,27,148,20,100,9,240,105,149,229,193,19,112,229,132,100,138,215,159,214,255,80
5,60,0,0,18,218,62,83,33,12,62,100,32,70,64,69,41,240,37,74,198,221,42,117,220,109,31,58,94,135,36,95,22
5,93,127,152,73,155,15,71,128,23,25,50,31,117,32,103,19,248,162,195,222,197,3,111,244,103,36,65,95,132,21,61,28
5,172,195,210,203,133,50,86,221,47,48,83,48,118,23,101,29,253,179,207,239,189,1,103,250,115,145,177,217,87,102,131,99
5,85,157,179,100,124,23,90,137,51,29,57,56,139,22,118,22,243,154,188,226,179,4,111,238,138,83,121,157,168,36,113,75
5,133,122,147,98,151,26,49,156,69,80,120,81,125,21,109,51,233,93,138,190,209,4,90,221,164,159,189,161,120,9,76,138
5,35,128,153,139,149,56,105,84,59,23,46,45,158,10,120,23,234,143,181,223,191,8,111,229,116,79,117,178,156,106,164,61
5,30,140,163,75,106,17,65,88,39,26,52,21,119,27,79,17,239,160,192,227,185,4,108,235,123,35,63,93,149,17,67,29
5,60,144,167,124,105,36,77,112,20,14,31,3,108,57,64,14,244,155,189,231,175,5,103,239,128,51,85,142,145,66,132,46
5,108,121,146,30,130,4,11,136,20,18,38,14,116,29,89,17,250,150,186,203,196,0,81,244,121,55,90,95,141,1,58,45
5,95,139,163,82,127,13,51,136,31,37,67,40,111,29,98,23,240,152,187,235,196,4,108,235,128,114,151,148,108,24,81,86
5,74,164,184,106,95,30,65,134,41,16,34,39,144,34,139,12,238,177,205,253,164,14,113,237,127,113,150,168,91,49,88,85
5,168,213,224,148,89,45,60,226,29,57,94,62,108,37,91,32,255,207,225,252,175,11,98,255,140,91,129,157,134,70,142,80
5,64,164,184,157,121,59,111,125,42,39,71,42,122,26,86,24,236,166,197,243,164,15,120,233,136,102,140,168,147,50,123,84
5,43,165,185,166,94,50,74,111,43,28,55,34,131,28,93,19,236,158,191,229,167,6,100,232,137,92,130,196,150,101,162,79
5,57,133,157,141,125,52,89,103,41,20,42,29,141,18,88,14,236,125,166,207,186,2,96,228,134,119,155,206,145,87,156,92
5,67,174,193,195,130,102,135,133,48,32,60,56,133,39,122,22,238,151,186,251,187,14,113,233,140,111,148,216,149,132,185,93
5,49,156,178,151,117,38,77,111,42,34,63,44,127,34,100,22,236,144,181,227,188,2,100,231,145,87,125,178,178,94,170,84
5,96,193,208,180,83,76,108,164,46,31,60,41,135,24,105,21,242,170,200,245,154,13,110,239,151,102,140,186,183,75,156,98
5,115,192,207,212,104,79,118,177,55,51,86,68,131,33,120,34,242,144,181,251,177,11,106,236,154,131,165,205,178,84,173,115
5,52,193,208,225,93,117,146,132,38,48,84,52,126,19,102,28,234,165,196,252,170,18,121,232,146,107,144,224,156,147,194,95
5,68,181,199,152,59,40,71,138,38,38,69,41,115,27,95,23,242,186,211,245,149,9,101,241,134,63,99,160,167,74,144,59
5,77,146,170,161,126,58,90,126,47,37,69,50,127,32,107,25,241,142,179,238,186,9,103,235,137,90,128,180,158,86,151,78
5,86,151,173,153,139,77,108,135,44,30,57,43,127,29,107,20,243,150,186,238,187,16,108,237,132,97,134,173,149,82,152,79
5,74,168,188,171,87,89,105,135,45,36,66,69,118,55,107,23,237,157,191,245,162,15,103,234,140,114,151,174,144,61,137,94
5,65,132,156,115,110,37,56,110,39,46,80,40,130,18,115,27,240,133,173,217,179,5,91,232,139,73,110,177,142,85,139,69
5,49,123,148,112,142,33,77,93,47,20,41,43,127,52,96,16,241,132,171,220,200,8,110,233,140,49,82,151,174,67,142,55
5,57,140,163,177,140,123,154,107,45,33,62,44,133,26,102,22,240,123,165,241,201,20,126,231,142,80,118,188,167,139,201,76
5,76,113,139,165,158,84,123,107,41,43,76,39,120,30,86,26,242,111,154,232,204,11,118,231,145,69,106,187,179,108,162,73
5,67,135,159,157,121,101,143,112,46,32,61,70,144,53,154,22,239,118,159,234,180,13,119,230,144,97,134,194,142,113,163,88
5,58,74,99,96,171,42,95,74,38,15,33,23,132,34,83,11,242,87,132,196,220,4,112,229,142,53,88,168,174,99,157,59
5,67,107,133,115,164,57,104,97,39,18,38,92,155,255,255,13,243,102,146,199,216,2,104,232,139,73,110,178,184,133,200,70
5,41,99,125,157,129,176,191,73,33,14,32,30,124,52,86,11,238,83,128,221,197,22,128,224,146,85,123,204,190,185,233,83
5,41,44,63,41,165,31,79,43,34,6,14,21,141,23,89,4,240,68,113,192,217,9,118,224,140,47,79,136,163,39,101,53
5,73,88,114,93,156,44,99,92,35,9,21,33,135,44,106,7,246,98,142,210,209,8,116,234,138,57,92,165,181,99,168,58
5,85,96,121,131,179,62,107,105,40,10,24,19,138,22,89,8,244,102,146,232,215,11,120,233,147,73,110,156,177,69,157,77
5,174,216,226,211,50,96,111,233,38,31,60,29,125,12,98,20,251,157,191,240,128,16,88,246,150,188,210,223,173,93,197,136
5,95,172,191,185,109,124,154,152,35,49,84,49,103,37,92,28,236,182,209,253,153,23,122,236,98,140,173,186,92,132,187,98
5,0,153,175,144,83,70,103,72,33,16,34,17,127,38,66,11,234,168,199,249,155,19,117,231,123,48,81,151,129,107,138,41
5,79,102,128,83,115,31,68,103,36,17,37,22,117,51,87,12,243,115,158,212,188,6,97,234,133,77,115,149,154,46,116,68
5,115,165,185,172,152,107,133,164,29,33,63,33,117,23,104,22,247,139,177,242,197,18,110,240,145,111,148,185,163,112,192,96
5,61,123,148,157,97,69,93,102,30,45,80,38,104,43,82,27,241,136,174,242,169,13,111,234,128,57,92,172,152,130,160,50
5,74,116,141,127,163,44,101,108,23,20,43,10,118,24,84,17,246,130,170,221,208,4,115,238,128,46,78,165,161,152,190,42
5,45,130,155,115,118,41,79,94,35,2,5,35,152,58,140,1,241,137,176,232,188,13,113,234,135,63,99,173,176,101,170,59
5,64,149,171,163,89,106,127,118,42,18,38,35,130,34,109,13,242,143,181,242,174,18,110,236,136,79,117,180,163,142,201,70
5,52,135,159,166,99,77,94,102,33,28,55,28,114,35,79,18,241,136,174,237,180,15,103,234,134,62,99,182,174,161,209,58
5,121,110,136,130,181,94,137,140,41,33,62,40,94,92,56,21,251,97,142,231,227,19,121,238,142,87,125,163,158,88,164,80
5,52,100,125,136,182,75,125,82,33,6,14,15,140,25,86,4,242,100,145,211,226,9,121,230,142,66,103,188,173,151,198,68
5,54,82,107,112,154,64,108,74,28,5,13,4,134,26,81,5,243,90,134,205,208,8,109,230,139,54,89,173,175,162,210,57
5,42,97,122,93,105,43,82,73,31,21,43,18,113,51,64,15,242,111,154,228,179,14,111,231,132,40,70,124,168,61,148,40
5,19,84,110,117,60,80,66,48,31,6,14,25,144,32,134,5,238,94,139,214,157,17,84,226,135,50,84,167,176,122,176,51
5,130,128,153,152,154,59,101,156,19,26,52,16,124,12,96,22,247,124,165,227,170,14,106,238,138,119,155,253,122,225,211,95
5,126,177,195,144,76,40,67,177,25,15,34,26,135,23,130,13,244,160,193,220,160,5,88,240,146,144,176,198,91,61,107,114
5,79,166,186,149,141,64,112,137,32,19,41,31,124,39,85,14,243,151,186,241,204,10,113,238,134,100,138,188,163,112,187,82
5,117,179,196,179,137,74,128,172,42,29,56,37,120,32,100,19,245,153,187,240,188,10,116,240,132,149,181,223,143,136,199,106
5,118,156,177,122,133,24,65,162,22,32,62,40,118,33,104,23,238,147,183,242,184,7,106,233,145,163,192,174,72,27,70,122
5,106,141,165,125,148,40,93,145,23,47,81,44,110,22,95,30,239,126,167,226,209,10,118,231,141,143,176,213,149,71,145,109
5,126,140,164,120,81,37,63,159,46,43,76,52,128,21,125,27,244,142,179,226,164,9,103,237,138,125,161,215,112,91,138,98
5,79,152,174,115,123,26,63,130,26,52,87,59,115,28,112,31,240,137,175,206,194,1,93,233,141,93,131,179,132,89,156,83
5,121,177,195,209,119,75,120,175,21,46,81,24,108,21,86,30,239,136,175,224,189,4,108,232,145,188,210,238,96,117,167,133
5,77,136,160,51,128,7,43,121,19,21,44,17,128,17,114,19,237,131,171,212,195,5,106,230,151,105,142,182,127,64,130,98
5,76,212,223,169,105,35,97,159,25,7,18,10,128,27,91,8,242,191,215,228,178,1,111,242,140,105,142,199,163,86,154,89
5,30,207,219,133,87,44,91,123,15,19,40,11,112,38,82,21,232,199,220,252,168,10,114,234,137,92,131,193,162,122,182,79
5,63,189,206,206,112,69,104,137,12,17,36,2,111,44,65,21,235,171,201,243,186,11,116,234,144,117,153,218,168,120,185,98
5,112,151,173,151,84,58,95,155,19,50,86,39,106,23,119,33,243,149,185,234,169,11,112,238,132,112,148,164,154,49,126,87
5,65,150,173,101,71,31,69,119,9,15,33,3,115,32,80,23,237,159,192,238,164,11,111,234,137,88,127,142,111,36,72,77
5,30,178,196,77,71,14,45,108,8,5,12,0,132,17,98,18,233,179,207,219,163,5,103,233,145,70,107,181,163,88,142,73
5,86,208,220,203,90,76,103,164,8,12,26,9,121,29,88,22,243,184,210,248,170,11,105,242,141,100,138,209,174,145,203,87
5,99,238,242,228,68,63,91,189,14,40,72,32,108,22,88,30,241,198,220,238,162,5,100,242,143,127,162,239,142,157,208,103
5,90,252,252,185,61,53,93,190,15,43,77,12,96,37,67,31,235,216,231,253,152,6,100,239,151,143,176,209,150,91,157,117
5,63,191,206,164,99,43,73,138,22,27,54,15,107,54,52,21,238,188,212,241,174,10,106,238,142,82,120,191,152,94,148,77
5,96,184,201,146,110,44,77,160,25,24,49,16,119,23,80,18,244,191,215,249,176,10,106,244,133,88,126,169,138,85,156,74
5,96,163,184,178,150,65,99,149,29,29,57,45,123,37,117,20,242,162,195,247,174,14,113,238,139,106,144,198,147,82,143,89
5,58,127,152,184,171,150,159,101,31,39,71,10,80,106,14,24,235,114,157,243,206,30,129,226,141,113,149,197,170,84,162,94
5,77,126,151,116,133,55,99,116,40,29,56,43,135,28,130,19,242,140,178,243,184,14,113,235,127,82,120,150,152,57,128,67
5,71,154,177,189,106,70,104,126,25,30,58,45,105,56,101,21,237,150,185,241,159,10,108,232,139,115,152,203,142,102,162,94
5,71,130,154,134,155,59,120,113,21,19,40,26,108,55,76,17,240,125,166,218,208,7,119,232,143,91,129,179,163,76,148,84
5,93,145,169,155,102,54,84,138,30,28,55,28,121,28,84,19,245,144,181,249,175,9,103,239,141,77,115,162,165,71,143,74
5,77,138,162,174,131,111,138,122,27,22,46,23,125,22,104,16,240,122,164,240,194,18,118,231,141,120,156,192,118,88,150,98
5,73,117,143,143,158,59,100,107,21,14,31,16,120,42,74,15,242,118,159,219,209,6,109,233,140,80,118,188,170,92,156,74
5,76,142,165,152,161,84,117,123,28,36,66,26,119,19,86,23,241,131,170,229,215,8,108,233,138,97,135,188,164,117,187,83
5,79,134,158,157,126,71,81,120,35,24,49,26,130,22,81,16,243,132,171,241,182,12,96,235,136,90,128,173,168,71,154,77
5,49,150,173,164,118,104,137,107,28,28,55,24,126,18,88,20,240,137,175,245,188,23,123,233,136,75,112,187,161,180,224,68
5,118,200,214,200,103,57,87,184,29,46,81,31,98,42,61,28,246,183,210,242,179,5,102,245,123,121,157,201,82,109,154,88
5,63,173,192,147,74,38,80,130,35,37,68,44,119,35,98,23,240,164,196,232,163,7,107,237,139,77,114,181,163,118,183,71
5,118,255,255,107,68,10,53,211,26,128,165,39,0,149,0,57,231,255,255,255,126,5,110,240,134,149,180,193,135,62,151,108
5,74,169,188,171,106,79,115,135,40,22,45,30,128,29,76,15,243,169,199,242,174,15,113,240,133,80,118,186,174,147,202,69
5,46,129,154,111,126,32,66,94,39,2,5,28,149,34,122,1,242,142,179,220,176,6,95,235,135,54,89,163,164,107,170,53
5,38,120,145,107,127,43,96,82,46,4,10,30,148,28,98,5,241,135,174,225,193,9,113,234,129,49,83,141,170,74,159,45
5,19,127,152,104,108,42,88,72,36,13,29,22,140,20,100,10,238,145,182,220,170,11,114,233,122,39,69,164,162,202,205,33
5,21,179,197,158,65,53,75,102,26,37,68,51,119,39,112,24,235,183,210,255,155,15,107,235,125,56,90,152,128,82,112,48
5,57,175,194,196,70,79,110,126,41,25,50,37,111,61,75,17,241,174,203,251,149,15,114,238,128,78,116,199,145,170,205,64
5,74,118,144,125,170,58,114,109,40,14,31,44,133,53,97,10,247,129,169,228,205,11,118,238,129,53,87,151,161,127,182,48
5,48,94,120,69,135,34,58,76,40,10,23,15,138,29,79,8,243,114,157,224,190,10,93,233,125,47,80,154,163,121,183,41
5,41,164,184,165,91,57,92,108,40,4,11,14,139,31,79,4,242,166,197,241,176,8,106,238,128,59,94,180,170,178,220,51
5,43,156,177,186,100,84,102,105,35,13,30,19,131,26,83,10,237,160,193,233,153,14,99,233,135,86,124,210,171,164,205,74
5,89,132,156,189,171,102,131,127,32,15,32,49,121,80,109,11,249,130,170,239,217,13,116,240,137,61,97,197,175,218,238,60
5,23,114,140,97,141,47,110,68,36,4,10,9,139,34,66,3,239,124,165,223,200,10,121,231,133,47,80,157,173,123,188,47
5,24,102,128,76,146,24,79,62,39,0,0,12,152,18,87,0,239,116,158,208,201,7,112,230,131,51,85,142,170,73,158,48
5,19,112,138,59,131,23,87,64,40,2,7,21,149,27,95,2,240,131,171,217,197,7,117,232,131,32,59,103,175,28,116,32
5,30,147,170,86,128,31,93,91,38,17,37,25,113,81,42,12,241,154,188,235,197,6,116,236,134,33,60,145,173,159,208,36
5,121,129,154,140,149,74,127,150,45,15,34,29,134,29,84,12,251,126,167,232,207,12,121,242,137,88,127,179,161,96,169,77
5,58,109,135,174,169,107,141,92,40,10,24,28,129,52,91,8,243,106,150,226,219,10,118,232,138,69,106,203,176,197,224,66
5,68,118,144,159,158,126,157,105,39,13,30,30,123,55,71,10,244,106,150,224,203,16,116,233,141,83,121,194,175,194,240,77
5,92,108,133,178,122,113,111,117,27,33,63,19,96,49,71,22,244,103,147,229,188,13,98,232,138,95,133,207,163,131,184,82
5,46,140,164,159,130,77,130,100,38,23,48,30,130,27,100,16,239,129,169,226,198,12,122,231,143,76,114,189,175,132,193,75
5,86,127,151,175,143,96,141,122,44,34,63,55,119,54,115,22,243,117,159,244,199,18,127,233,142,91,129,184,168,97,170,83
5,65,95,121,77,180,20,75,90,41,30,57,41,120,46,91,20,241,105,149,209,221,6,113,230,141,67,104,151,152,50,120,68
5,70,97,122,162,196,140,177,94,46,36,66,46,121,44,96,24,241,90,136,233,216,17,129,228,135,89,127,183,162,117,184,76
5,77,93,119,144,202,100,150,98,44,41,74,45,124,35,86,26,240,87,132,220,236,9,121,227,138,102,139,190,143,122,179,85
5,43,40,59,91,220,80,133,43,36,40,73,35,115,39,75,25,235,55,97,197,244,12,126,218,139,74,111,179,163,91,156,70
5,74,60,83,137,230,138,189,77,40,47,82,45,122,28,105,28,242,60,104,214,255,21,146,225,143,67,103,178,182,101,170,69
5,86,56,77,84,222,52,122,85,42,36,67,61,127,43,126,23,243,63,107,190,244,7,121,226,147,73,110,174,175,68,136,77
5,82,69,92,71,165,39,61,89,46,64,102,56,122,18,91,36,242,88,133,202,199,9,95,229,135,50,84,127,141,35,87,50
5,76,117,143,128,123,59,104,110,49,22,46,39,146,17,114,18,243,115,158,220,193,9,108,234,141,72,109,169,174,73,142,71
5,73,105,131,131,174,81,137,101,43,21,44,43,150,27,139,15,241,100,144,217,219,11,122,230,144,86,123,173,151,83,147,82
5,60,53,75,54,189,27,79,62,49,19,40,47,155,31,145,16,240,68,113,184,221,5,102,224,140,68,105,146,147,42,100,67
5,58,44,64,18,199,5,65,56,50,21,43,39,144,19,111,17,239,69,114,188,216,5,107,223,140,65,101,111,133,10,61,65
5,8,12,18,38,240,78,148,0,180,57,95,149,219,15,132,156,108,58,101,163,127,80,199,105,37,136,170,131,28,49,117,151
5,63,5,9,33,239,86,140,38,208,51,86,159,219,22,110,188,96,19,45,102,149,53,173,84,18,23,44,14,78,7,42,135
5,79,13,20,11,235,28,96,55,207,61,99,158,212,15,110,187,113,34,70,108,124,17,120,104,26,11,25,33,87,49,81,117
5,42,64,88,29,202,17,95,56,226,129,165,196,232,7,137,216,104,22,52,91,146,18,135,92,89,21,41,75,124,47,57,22
5,61,55,77,39,195,13,73,64,209,146,179,216,214,16,140,200,87,21,50,88,126,29,140,77,23,39,69,22,42,21,33,134
5,30,58,81,28,183,18,90,43,203,117,155,192,219,14,140,190,67,16,40,58,119,15,131,58,4,38,69,1,13,33,0,168
5,33,55,77,17,204,5,73,43,207,114,152,186,224,8,134,194,52,8,23,42,105,17,103,42,0,29,55,0,49,15,13,173
5,54,48,68,30,209,23,94,55,230,124,161,207,226,7,129,221,75,14,35,108,137,152,232,65,54,20,40,60,108,46,115,70
5,77,52,73,18,212,11,80,76,227,143,176,201,223,7,128,219,68,21,48,68,105,21,126,61,43,46,78,45,61,19,36,103
5,76,53,74,69,182,45,110,75,240,126,162,233,243,21,151,233,48,11,29,46,111,17,127,40,68,62,98,96,105,27,89,76
5,79,78,103,82,169,29,74,91,235,185,208,240,227,9,128,233,48,9,25,72,115,90,176,39,49,48,80,63,76,27,87,94
5,67,46,66,25,213,8,73,65,237,134,169,191,232,0,120,229,56,9,25,55,86,50,120,46,61,41,71,60,86,23,34,72
5,57,21,33,0,184,11,37,43,227,95,135,179,231,2,116,215,67,11,29,59,101,28,99,56,39,22,43,28,94,11,75,97
5,73,32,48,21,229,25,101,61,240,93,133,190,251,5,134,229,73,14,36,72,128,33,144,63,77,18,36,37,107,25,5,34
5,86,69,93,86,198,26,82,92,247,130,166,220,250,3,125,241,57,9,25,43,128,14,144,47,125,48,81,126,152,54,123,41
5,46,61,85,32,207,12,84,57,240,106,144,189,253,1,126,231,28,6,18,33,103,30,155,22,154,69,106,138,159,34,104,83
5,86,47,67,14,214,5,61,80,231,92,131,176,240,2,118,219,0,0,0,0,72,31,123,0,205,65,101,139,213,0,50,158
5,63,45,65,54,213,31,96,61,212,85,125,186,229,12,132,197,7,1,5,6,59,46,80,4,232,40,70,152,255,0,75,198
5,76,60,82,32,191,17,84,78,239,126,162,212,247,8,133,231,47,15,38,68,98,45,142,42,141,93,131,128,143,8,74,83
5,55,2,4,64,240,131,148,32,228,51,87,205,252,42,163,211,99,30,64,92,95,28,89,91,129,23,46,83,161,7,47,23
5,19,130,155,141,95,101,154,73,229,210,226,255,217,22,150,229,73,30,64,120,110,110,204,68,137,38,69,112,152,18,50,43
5,85,65,88,37,212,16,93,89,230,89,128,197,250,13,142,217,74,15,38,57,97,22,97,64,162,118,154,160,144,26,94,117
5,63,56,77,37,214,16,96,67,243,112,150,208,248,7,134,234,59,12,32,79,108,80,171,50,127,46,79,107,163,18,95,42
5,71,70,94,40,174,16,71,80,241,144,177,210,231,5,126,236,69,18,43,58,101,14,89,61,98,35,63,71,127,3,44,29
5,57,32,48,12,202,27,88,48,236,83,122,197,251,11,137,224,79,12,32,87,134,63,165,68,114,45,77,94,149,10,88,35
5,57,63,86,19,186,16,85,65,239,111,149,202,244,5,130,230,72,9,26,72,146,47,170,60,118,55,90,116,170,26,126,44
5,87,76,101,45,180,11,57,96,245,138,173,201,243,3,123,240,62,24,54,74,77,34,114,57,113,43,74,96,157,21,100,33
5,55,64,88,31,180,7,56,65,233,136,170,208,230,3,118,226,77,9,26,69,131,42,153,65,143,50,84,98,153,6,59,58
5,71,70,94,29,183,9,61,81,236,128,164,195,230,4,120,228,82,22,52,75,108,28,113,74,139,40,71,104,169,12,78,47
5,101,91,117,114,179,43,100,115,246,169,197,243,230,10,127,244,61,21,50,69,109,18,134,55,119,51,86,113,125,36,83,42
5,74,63,87,73,208,32,99,79,230,97,136,198,247,9,140,218,89,27,59,102,128,32,146,80,151,66,102,174,158,68,128,76
5,120,90,116,103,214,27,89,129,241,139,173,235,233,10,133,235,76,36,73,89,99,20,141,73,126,87,125,157,135,54,117,69
5,105,85,110,96,223,25,95,115,240,137,172,215,242,4,129,234,81,21,50,89,126,36,154,73,120,79,117,160,154,61,134,62
5,105,51,72,29,209,14,80,96,241,96,135,208,247,9,132,230,76,17,42,93,131,79,191,66,125,88,125,141,146,49,128,69
5,112,95,121,30,135,10,49,125,237,141,176,194,219,4,116,230,93,37,75,131,128,63,166,87,119,73,110,132,144,30,106,57
5,71,90,116,61,171,19,85,92,234,139,173,226,235,9,130,227,83,21,48,88,130,23,138,73,148,56,91,157,173,52,121,68
5,54,95,121,51,155,25,89,81,218,137,172,201,219,10,130,208,99,23,54,84,134,16,125,88,171,59,95,159,188,27,111,101
5,55,153,175,164,158,75,137,113,233,203,221,244,234,19,146,232,73,17,42,87,121,47,141,64,148,85,123,178,156,55,126,85
5,98,168,188,127,161,51,128,153,239,212,228,252,238,15,145,240,62,23,52,67,100,14,126,57,126,144,177,191,133,81,171,101
5,114,166,186,131,126,30,81,163,244,210,226,227,227,4,123,245,64,17,42,67,113,34,147,56,135,119,155,169,154,66,164,93
5,136,124,150,69,163,8,55,159,247,193,214,223,234,4,122,247,66,20,48,73,114,23,140,59,145,68,105,141,146,39,117,72
5,126,146,170,150,162,41,99,163,244,192,214,231,239,10,136,243,73,34,70,79,81,24,129,70,128,100,138,188,163,86,166,78
5,65,98,124,73,160,23,87,92,231,129,165,197,229,4,125,223,88,31,66,96,127,26,143,81,138,70,107,130,171,28,118,67
5,63,75,99,31,189,8,65,76,228,107,145,190,234,3,123,217,102,30,64,120,149,42,163,93,123,57,91,120,137,32,79,47
5,104,82,107,57,182,21,70,113,240,164,193,228,238,11,134,237,79,32,67,82,101,26,129,74,114,48,81,92,132,13,33,37
5,96,91,117,49,172,4,38,111,239,160,190,209,226,3,112,234,83,34,70,105,120,41,156,78,126,46,79,99,152,13,67,41
5,89,165,185,193,144,70,116,144,233,231,240,228,224,8,132,235,76,36,73,88,86,29,133,73,117,128,163,221,117,133,173,90
5,85,113,139,80,157,25,84,114,229,166,194,225,223,11,133,224,95,32,67,103,131,25,133,88,130,89,127,130,152,16,94,73
5,67,104,130,128,181,60,130,96,235,135,170,211,237,9,136,228,77,29,62,113,135,56,172,71,115,91,129,174,156,114,193,68
5,82,116,141,91,153,26,89,113,240,185,208,230,227,9,135,238,71,32,67,94,122,40,174,67,115,63,99,112,115,22,59,49
5,111,130,155,101,174,19,76,143,243,208,224,236,237,6,133,244,59,42,81,103,74,32,143,62,137,70,107,139,131,27,82,66
5,89,107,133,80,130,21,58,113,250,173,200,227,228,6,119,249,31,16,41,36,77,14,116,31,116,66,102,124,132,41,127,51
5,131,88,114,68,191,32,93,137,255,170,197,224,232,10,131,253,36,34,70,48,52,18,93,43,113,46,78,109,149,29,87,36
5,118,94,120,69,155,28,62,129,247,164,193,226,232,8,119,245,58,36,73,76,98,19,144,59,125,57,92,157,119,95,121,48
5,124,129,154,86,115,19,36,152,247,219,231,240,221,8,121,249,57,34,70,87,57,38,115,57,109,74,111,100,118,9,53,57
5,126,147,170,228,129,120,126,163,247,201,220,244,228,5,118,247,56,23,52,69,108,37,159,52,129,119,155,222,108,135,163,90
5,117,190,206,144,94,44,105,178,249,255,255,249,215,11,131,255,45,33,69,81,63,33,133,48,114,102,139,143,148,46,155,75
5,148,211,222,248,148,147,201,211,243,212,227,255,232,22,145,244,54,58,101,187,49,255,255,65,104,210,226,233,119,136,221,130
5,118,106,132,157,180,84,149,136,241,162,191,225,232,11,136,237,62,18,44,77,72,67,118,55,102,149,180,210,139,103,189,101
5,189,139,163,163,227,127,206,207,225,211,226,219,210,7,124,224,88,74,119,130,90,40,155,94,145,228,238,180,104,22,103,149
5,105,95,120,184,184,146,185,119,243,141,176,234,234,17,141,237,51,44,84,101,35,64,124,57,110,107,144,229,125,242,246,77
5,187,130,155,172,158,68,123,201,252,171,199,222,232,3,121,251,61,12,31,51,116,13,119,52,119,171,198,202,129,74,170,113
5,52,31,47,42,229,42,135,45,219,107,145,199,226,21,141,207,68,12,32,46,90,37,50,57,158,143,176,162,144,5,69,124
5,58,33,49,37,234,38,109,51,206,76,115,204,230,34,160,188,87,2,7,54,160,12,123,71,202,93,131,192,209,20,95,164
5,68,47,67,43,208,13,75,66,233,98,138,208,245,7,132,222,93,7,20,77,143,51,126,78,143,37,67,126,173,28,96,50
5,58,26,40,12,207,18,84,47,228,83,122,197,235,14,139,214,92,6,18,101,145,155,210,77,120,83,121,130,115,30,85,64
5,64,13,22,1,247,19,88,44,226,73,112,182,251,12,146,211,82,0,2,56,146,37,138,66,156,93,131,154,173,16,99,98
5,79,35,51,19,206,23,80,68,231,105,144,208,246,16,149,220,77,5,15,68,134,61,164,63,148,98,136,156,154,34,117,92
5,60,45,65,12,198,13,62,59,223,109,147,197,233,9,136,211,82,10,27,68,144,31,149,69,164,88,126,146,172,18,103,105
5,41,53,75,13,188,8,46,48,229,110,149,197,239,6,123,218,68,3,10,69,135,93,184,54,163,61,97,135,182,9,84,90
5,45,65,89,37,169,11,66,58,219,111,150,196,233,10,134,208,70,7,22,53,121,19,111,58,172,125,160,207,190,64,156,132
5,79,62,85,86,226,39,102,82,223,111,149,195,232,8,129,212,90,7,21,80,134,52,108,75,167,97,135,184,192,53,145,114
5,70,48,68,36,228,20,91,68,218,80,119,196,245,19,147,203,89,8,25,80,133,38,137,75,175,111,148,191,183,33,124,130
5,65,43,62,14,174,13,77,61,220,81,121,179,238,8,138,205,82,5,16,72,136,48,121,67,174,113,150,198,193,43,136,130
5,70,25,38,26,223,26,93,56,215,88,127,187,235,14,146,200,99,0,2,64,156,47,95,81,167,110,147,185,164,40,127,119
5,43,19,30,14,236,22,92,32,209,56,93,166,223,12,130,189,94,1,6,72,160,46,133,77,189,81,119,171,195,18,98,139
5,93,33,50,7,221,9,59,79,203,55,91,168,230,11,124,183,99,16,40,101,158,82,195,86,208,95,133,170,210,6,90,175
5,79,7,11,12,255,15,62,53,149,108,146,128,145,47,64,129,100,0,1,59,164,13,106,83,255,84,122,192,246,7,61,255
5,71,31,47,34,221,40,87,60,191,126,162,178,198,10,115,178,100,14,37,97,136,66,139,87,205,104,141,197,178,23,77,173
5,73,34,51,34,226,28,86,62,204,74,113,166,205,17,115,185,101,3,11,73,146,43,106,84,189,136,170,199,188,24,108,161
5,150,57,79,64,191,48,90,135,246,115,153,218,246,13,134,238,82,22,52,73,113,10,104,73,102,81,119,126,149,47,150,62
5,111,46,66,79,214,55,107,99,243,93,133,213,239,14,126,233,70,34,70,69,48,41,68,67,106,72,110,153,118,90,147,56
5,106,48,69,68,203,45,107,97,246,94,133,203,245,12,132,237,58,16,40,68,102,40,138,50,109,86,124,164,139,89,170,65
5,114,43,62,102,237,95,169,99,243,83,122,207,255,14,142,232,65,11,31,64,133,19,134,55,105,117,153,172,147,90,190,84
5,68,30,45,34,240,52,145,57,238,74,113,195,251,18,145,226,65,8,23,65,131,42,148,54,114,92,130,158,153,57,148,69
5,85,34,50,34,232,36,126,72,242,85,125,210,246,17,143,231,57,13,35,67,84,43,114,49,107,91,129,141,151,74,177,68
5,136,85,110,121,221,65,136,138,247,131,167,219,245,10,139,241,61,11,31,56,118,24,122,51,120,128,163,167,142,57,158,91
5,73,59,81,2,189,0,25,76,240,124,161,191,235,2,110,232,74,12,33,80,137,58,174,63,129,42,73,115,168,46,126,39
5,52,85,110,56,135,24,42,74,233,168,196,226,217,11,113,228,82,17,42,85,133,39,152,71,129,44,76,98,162,12,85,41
5,63,127,151,97,152,26,88,105,228,184,208,220,224,11,133,225,80,24,55,85,117,28,126,72,118,128,163,171,138,62,159,90
5,120,120,145,134,191,64,140,144,241,164,193,219,234,8,132,237,62,11,30,56,121,23,119,52,115,168,195,207,141,96,195,110
5,139,32,48,61,212,52,84,112,247,95,135,199,249,8,127,238,58,13,34,43,104,9,106,49,113,112,149,174,98,66,118,81
5,162,131,156,164,148,90,148,182,247,152,184,229,230,12,131,243,63,28,60,74,114,21,141,60,108,177,202,199,125,85,187,115
5,137,131,155,112,152,51,127,163,244,167,195,241,226,16,137,241,59,21,48,57,115,10,126,53,119,170,197,219,144,94,189,112
5,134,97,122,89,201,35,101,144,243,129,165,211,235,6,122,236,74,25,56,80,120,34,154,67,124,126,161,184,143,75,176,91
5,89,57,79,49,192,23,69,88,240,119,156,203,241,7,123,232,63,21,49,69,80,29,116,57,108,91,129,161,136,63,139,68
5,95,52,73,28,194,12,68,89,244,106,144,205,241,11,129,235,66,17,42,71,114,33,139,58,124,63,99,125,154,24,120,52
5,74,55,77,43,167,18,58,75,238,122,159,198,226,7,112,230,73,3,10,56,150,28,154,59,106,75,112,118,131,29,123,57
5,49,61,85,45,206,20,96,59,240,131,167,199,236,5,129,233,63,8,22,72,117,68,161,52,109,47,79,111,155,39,127,36
5,77,57,80,28,184,12,59,79,242,121,158,190,231,2,112,235,64,9,26,75,130,65,176,53,116,64,100,127,161,43,133,50
5,85,91,117,31,156,7,53,102,242,145,178,204,235,2,118,237,66,23,52,63,115,10,120,60,124,65,101,129,170,38,131,53
5,109,67,91,56,176,15,46,109,248,128,165,191,232,1,110,242,60,7,21,54,125,27,141,48,109,70,107,126,156,46,140,54
5,77,61,85,67,195,32,85,81,242,134,170,209,233,8,125,236,61,9,25,55,105,46,138,50,114,69,106,124,148,31,109,53
5,102,69,93,15,164,6,47,104,239,137,172,205,233,2,120,233,64,23,54,83,83,55,154,59,111,109,146,167,113,61,142,79
5,114,80,105,130,201,68,126,119,241,134,169,199,234,4,122,235,62,11,31,43,80,37,83,52,115,139,172,191,130,82,176,96
5,89,63,87,151,221,134,169,91,242,113,151,226,248,15,137,233,60,7,21,53,108,31,115,49,117,107,145,186,149,86,172,79
5,118,87,113,135,195,107,160,127,243,143,176,235,237,22,145,237,58,21,50,56,108,11,119,53,117,131,166,162,113,38,128,92
5,105,95,121,102,196,68,140,120,243,134,169,220,241,10,136,237,51,12,32,52,103,23,122,44,119,143,176,196,160,85,185,99
5,70,86,111,74,177,21,61,88,240,150,182,223,234,10,126,235,59,14,37,63,112,23,136,51,122,80,118,122,134,28,100,63
5,130,69,93,62,184,19,76,125,247,139,173,216,242,6,126,242,62,28,61,65,79,21,95,59,115,78,116,112,137,20,106,60
5,128,58,81,105,197,63,107,118,243,107,146,208,245,12,127,234,67,27,59,69,0,152,0,63,119,111,148,175,153,71,165,81
5,104,46,66,47,206,25,77,93,241,82,121,206,245,10,122,229,73,5,15,63,142,42,154,59,142,91,129,171,159,74,165,82
5,145,163,184,245,159,163,192,185,242,189,211,240,217,10,129,241,58,17,43,84,98,62,171,52,110,220,232,233,138,107,200,134
5,126,121,147,197,179,118,172,149,242,160,190,229,227,16,141,237,84,29,63,88,116,14,118,78,114,99,137,207,168,163,223,73
5,99,52,73,29,179,21,44,92,251,117,154,199,242,6,117,244,36,15,38,40,83,17,101,33,116,55,89,107,155,36,126,43
5,41,29,44,10,198,24,53,34,245,96,136,203,248,7,123,236,35,12,33,40,74,33,80,31,106,25,48,79,159,20,103,17
5,124,97,123,148,201,123,179,136,245,144,177,229,240,17,141,239,53,11,31,65,105,41,111,45,107,155,185,186,94,103,179,104
5,89,28,42,24,203,29,74,72,242,104,143,199,236,7,123,233,75,16,40,71,98,31,106,65,83,16,33,54,134,9,56,25
5,85,65,88,57,184,35,96,88,240,122,159,204,243,9,133,233,64,32,67,117,102,94,198,62,99,69,106,128,119,40,95,55
5,92,65,88,64,163,36,78,95,239,124,161,214,233,9,129,231,62,25,56,88,107,42,150,58,104,105,142,117,81,26,89,77
5,67,77,102,129,175,99,139,81,235,152,184,229,223,15,131,229,63,20,47,72,93,28,109,56,99,99,137,147,139,76,173,75
5,108,97,123,149,160,89,145,124,244,139,173,240,239,17,138,238,64,11,31,67,123,32,140,54,117,119,155,173,134,82,173,85
5,111,73,98,167,216,139,171,114,242,111,150,205,242,6,129,233,56,7,20,44,122,21,128,44,115,160,189,217,150,101,190,107
5,118,85,110,129,184,78,137,125,239,140,174,203,226,9,127,233,61,13,35,59,92,28,111,52,111,166,193,210,152,86,183,109
5,131,84,109,92,193,50,117,135,242,150,182,215,228,12,130,237,51,9,25,43,92,33,116,42,109,177,202,195,120,81,176,114
5,128,133,157,192,165,114,162,157,240,186,209,238,219,11,125,238,52,31,66,60,15,70,39,53,112,186,208,218,135,121,208,118
5,96,43,62,69,188,63,118,85,242,124,160,229,234,21,142,234,56,32,68,99,87,65,165,56,101,70,107,97,142,10,90,55
5,115,92,118,228,209,255,236,126,232,118,156,206,219,15,138,223,78,50,91,122,92,34,142,79,98,159,189,255,111,210,228,107
5,96,110,136,188,163,124,171,121,239,164,193,224,226,11,139,235,58,18,43,59,74,34,91,51,112,140,173,230,133,151,202,96
5,109,141,164,239,186,234,251,147,242,174,201,247,229,20,145,239,50,18,43,61,82,44,133,45,104,178,203,229,145,150,226,115
5,118,90,115,109,160,45,87,127,240,149,182,208,219,8,119,235,56,13,34,62,76,53,120,48,105,162,191,197,132,88,189,107
5,95,66,89,83,221,54,152,97,242,104,142,218,255,19,153,233,39,45,85,111,74,81,184,50,120,116,152,157,129,63,159,84
5,90,37,55,40,186,51,111,77,241,69,107,199,246,17,134,229,73,52,93,93,90,16,111,76,118,37,67,101,141,33,101,30
5,133,77,102,101,164,47,99,132,231,125,162,202,223,16,132,222,94,45,85,123,111,47,158,90,123,138,172,179,155,44,142,97
5,130,59,81,46,176,35,72,120,232,137,171,213,206,18,124,224,83,32,67,82,125,16,141,78,128,138,171,174,127,35,122,99
5,152,58,81,67,175,44,50,137,236,116,154,211,234,18,129,227,88,32,66,96,119,35,165,81,126,139,172,142,135,21,117,99
5,93,42,62,60,188,41,84,83,229,101,140,193,211,18,113,217,79,26,58,93,113,33,146,72,124,146,178,160,127,22,111,102
5,111,26,40,32,207,32,73,88,240,77,117,189,253,9,131,228,70,46,86,111,74,46,149,72,105,78,116,143,147,48,132,60
5,145,88,114,112,194,69,121,147,236,113,151,202,236,9,128,226,84,42,81,112,94,31,131,82,118,166,194,204,139,57,148,110
5,124,124,149,207,188,132,171,150,232,156,187,215,212,12,126,226,87,51,93,122,103,38,154,86,121,156,187,213,108,77,150,106
5,143,66,89,53,212,38,94,134,232,116,153,198,219,16,123,222,89,42,81,111,119,24,143,85,125,154,184,156,121,22,108,105
5,134,117,143,221,143,165,171,154,231,132,168,231,231,20,140,223,83,55,97,147,103,65,174,84,113,195,215,183,125,45,140,123
5,87,46,66,82,198,63,116,81,223,74,113,195,233,20,145,207,98,38,75,93,111,14,108,91,129,137,170,177,131,40,120,99
5,131,80,105,78,193,37,103,132,232,126,162,211,208,22,133,223,90,45,85,108,123,40,161,86,124,143,176,142,116,29,123,100
5,68,84,110,82,195,51,131,86,226,156,187,199,221,11,136,219,83,29,63,92,136,37,166,77,104,124,160,148,121,51,143,88
5,128,63,86,47,210,28,95,121,231,133,168,204,226,13,129,223,90,26,58,113,139,59,174,82,125,135,169,148,133,22,115,97
5,93,15,25,17,171,46,47,68,237,66,104,190,240,15,123,224,62,18,44,79,113,36,145,55,125,119,155,161,142,35,118,88
5,102,67,91,107,148,71,112,103,236,107,145,197,228,13,125,226,72,28,60,82,105,23,123,67,111,140,173,202,141,94,179,96
5,118,65,89,77,166,42,79,115,228,128,165,195,219,10,127,219,92,43,82,119,111,32,141,88,116,137,170,191,123,59,135,95
5,123,80,106,88,201,40,106,126,226,125,162,217,243,22,153,216,93,52,94,119,128,31,156,92,127,157,187,157,125,23,111,108
5,108,75,100,119,158,66,89,112,225,136,171,217,213,14,120,216,95,45,85,98,111,22,141,91,120,140,173,159,129,30,120,97
5,150,108,134,126,169,64,132,162,226,159,189,225,226,22,149,220,97,62,106,99,103,5,113,97,121,181,205,178,131,41,143,117
5,159,90,115,100,201,63,138,159,227,164,193,222,212,17,135,222,101,50,92,140,143,52,186,98,124,158,188,169,135,35,136,108
5,164,73,97,64,158,34,69,154,229,139,173,215,205,18,122,221,100,45,85,117,95,32,123,95,119,168,195,153,132,22,120,111
5,128,66,90,98,161,50,88,123,231,127,163,198,202,16,109,223,96,30,64,105,114,28,117,88,140,107,144,171,134,33,104,89
