5,57,144,192,165,23,39,63,181,121,42,103,124,129,55,170,77,188,114,170,254,129,35,119,229,46,31,88,144,119,83,201,74
5,68,99,159,153,20,54,45,175,133,24,79,95,138,51,127,60,198,81,143,253,146,46,118,226,32,35,93,119,61,99,131,71
5,78,129,181,180,24,45,61,185,120,49,112,105,90,53,96,85,193,101,160,253,140,36,137,229,60,35,94,119,120,43,160,86
5,40,138,187,162,7,39,47,175,121,54,117,125,90,55,118,90,167,124,178,255,112,37,108,217,51,33,91,90,77,76,113,79
5,106,116,172,159,38,49,33,191,128,39,99,96,74,76,70,76,207,96,157,253,130,40,93,238,36,49,111,125,65,63,154,87
5,71,66,130,100,81,40,33,168,124,23,76,90,134,55,120,55,201,49,112,196,174,35,100,218,32,39,99,141,125,80,217,76
5,56,70,133,112,58,46,41,164,122,22,75,86,137,51,142,52,195,50,112,213,168,42,109,213,37,41,102,172,128,112,239,80
5,60,69,132,124,68,50,38,165,125,17,65,67,138,50,89,46,198,52,115,228,170,42,96,216,40,35,94,133,133,81,220,75
5,60,72,135,116,40,49,19,166,124,13,58,66,156,45,90,40,200,55,119,207,159,41,70,219,41,28,84,142,139,105,235,68
5,56,72,135,97,47,43,33,165,120,16,64,69,146,43,102,43,197,53,116,196,160,40,91,215,35,38,99,166,132,115,239,77
5,63,69,132,123,54,48,38,166,120,19,69,74,127,54,88,47,199,52,115,216,165,41,100,217,40,36,95,151,132,94,227,76
5,68,68,131,124,59,50,26,168,120,16,64,64,124,70,62,43,202,53,116,208,166,41,85,220,45,32,90,163,137,105,235,75
5,78,73,136,130,55,48,34,172,118,20,71,75,119,67,70,48,204,55,118,206,166,40,97,222,37,44,105,177,127,104,236,83
5,71,69,132,132,57,49,35,169,114,21,73,68,133,47,97,48,202,50,113,207,167,40,97,219,39,39,99,160,126,101,235,79
5,72,68,131,120,80,46,46,169,115,16,64,80,134,64,118,41,204,51,113,209,176,39,112,221,41,37,96,164,139,113,240,78
5,69,70,133,130,68,51,37,168,120,21,74,90,129,49,112,51,198,53,116,210,168,41,101,216,45,44,105,148,122,70,212,86
5,40,78,141,102,49,41,31,161,121,14,61,68,130,67,77,41,189,59,122,196,162,36,85,211,43,36,95,177,135,142,255,78
5,54,68,131,103,46,48,21,163,122,20,71,73,137,43,99,49,192,53,116,196,162,39,78,211,42,39,99,163,126,101,227,80
5,79,71,134,132,53,50,27,172,122,14,60,61,145,43,92,40,203,56,119,206,165,38,95,222,45,48,110,165,119,77,214,90
5,63,66,129,125,66,48,29,165,128,19,69,86,149,52,129,51,197,52,115,213,167,38,85,216,39,35,93,174,130,116,236,74
5,70,82,144,122,48,44,20,171,129,21,73,96,140,53,117,54,201,64,128,223,163,37,88,223,29,32,90,134,117,85,204,68
5,56,77,140,123,63,48,33,166,117,20,71,68,134,48,74,48,194,62,125,220,166,38,102,216,39,36,95,122,113,61,199,76
5,73,68,131,124,36,56,9,169,123,18,68,72,141,40,104,47,204,53,116,196,157,43,57,222,35,31,89,137,115,71,199,69
5,67,100,159,135,44,46,30,175,128,21,74,76,133,55,86,54,200,82,145,220,159,35,99,228,34,28,84,128,117,88,218,65
5,88,85,147,144,12,58,16,178,118,21,74,74,137,43,96,50,208,70,134,226,146,44,80,231,31,38,98,178,124,106,229,75
5,74,80,142,118,22,49,19,172,127,19,70,80,149,43,110,51,200,61,125,222,151,42,92,221,35,48,110,196,124,136,247,86
5,41,91,152,117,40,44,27,164,133,21,74,81,137,47,108,57,184,75,138,218,156,36,101,212,32,40,100,149,121,84,215,77
5,87,76,138,128,27,53,18,176,128,21,74,85,133,46,108,54,203,56,119,201,152,42,78,222,51,54,116,143,119,53,189,98
5,70,71,134,113,46,51,23,169,135,19,69,74,149,42,97,54,199,57,120,213,160,42,82,218,30,42,103,149,117,77,206,79
5,57,76,139,131,40,48,37,166,131,19,69,75,139,46,99,51,192,60,123,234,158,43,107,214,33,45,106,180,114,102,222,82
5,82,85,147,122,10,49,26,176,127,17,66,76,144,50,103,48,206,68,132,214,139,43,85,228,33,41,102,191,116,114,222,79
5,91,80,142,127,22,49,19,178,144,23,77,97,147,42,109,64,205,61,124,210,151,40,81,225,36,50,113,187,109,91,216,89
5,96,72,135,124,75,46,27,178,135,19,69,81,152,37,127,54,208,59,123,218,170,40,98,227,40,48,110,188,114,96,220,88
5,68,79,142,117,37,50,27,170,142,24,79,93,143,42,103,65,193,63,127,219,158,42,89,216,37,48,110,202,119,117,233,87
5,64,81,144,121,30,48,23,170,142,18,67,80,149,46,99,56,192,67,130,223,154,41,97,216,42,47,109,186,116,85,212,88
5,84,77,140,116,40,46,25,175,142,22,74,97,156,42,134,62,199,60,123,210,159,38,90,220,38,57,120,178,119,81,210,96
5,71,90,151,137,49,47,29,174,152,22,75,89,161,34,116,68,193,79,142,207,141,38,90,221,36,38,98,148,130,76,211,77
5,57,88,150,155,39,53,40,169,146,22,75,95,145,49,118,64,189,72,135,213,149,40,105,215,38,42,103,169,109,77,199,82
5,81,95,156,137,20,49,27,178,145,28,84,96,140,43,112,71,198,75,138,236,146,43,100,224,34,49,112,191,117,106,229,87
5,88,78,140,136,38,47,26,176,160,23,77,90,144,43,97,74,200,63,127,203,157,39,79,222,39,42,103,152,131,64,204,82
5,88,95,155,153,40,45,34,180,182,32,91,122,173,36,133,99,192,71,135,219,159,32,99,218,47,50,112,157,109,74,207,93
5,61,81,144,160,26,52,33,169,175,17,66,101,179,41,114,78,184,63,127,203,151,36,92,208,37,56,119,169,105,70,201,94
5,60,95,155,134,37,49,27,171,165,19,69,87,178,29,120,73,185,74,137,226,158,37,100,213,48,53,115,139,114,48,188,96
5,86,74,137,125,60,49,31,175,159,21,72,93,167,35,133,70,194,56,119,202,167,40,102,214,53,64,128,184,119,64,201,108
5,76,75,138,106,39,44,21,172,164,19,69,93,179,30,127,72,192,60,123,210,159,36,99,214,37,57,120,180,108,74,202,95
5,62,90,151,147,36,50,25,171,160,21,74,102,159,42,140,72,188,70,134,220,156,38,101,214,43,45,107,137,115,59,196,87
5,66,65,128,127,47,57,22,166,176,22,75,103,176,36,129,85,187,47,110,196,159,45,78,205,43,47,108,192,116,99,224,88
5,93,82,144,118,39,49,18,179,168,25,80,101,164,34,123,82,199,62,126,201,158,40,77,220,38,56,119,194,117,83,210,94
5,90,82,145,140,55,45,25,178,159,23,76,97,159,42,118,73,197,70,134,216,162,35,90,222,41,53,116,191,120,75,206,93
5,56,76,139,128,56,47,27,166,164,19,69,102,172,39,127,73,185,57,121,195,166,36,87,207,44,50,112,184,121,91,217,92
5,81,86,147,115,24,46,14,176,166,24,78,108,176,43,159,79,194,63,127,201,149,36,77,217,51,52,115,182,122,60,201,97
5,91,95,155,135,17,46,23,181,167,25,81,104,152,38,121,81,197,78,141,237,146,38,112,224,41,53,115,157,123,56,196,93
5,58,64,128,111,38,52,19,164,173,23,77,100,169,36,121,83,181,48,111,198,157,41,82,200,43,54,117,174,109,72,202,95
5,60,79,141,132,48,50,37,168,165,17,65,99,178,37,130,70,187,63,126,222,161,40,121,211,45,45,107,152,120,64,202,88
5,63,87,149,159,58,54,49,171,176,24,77,105,140,53,99,86,183,67,131,222,164,38,125,209,50,47,109,157,125,74,215,92
5,63,91,152,155,49,46,47,171,172,19,70,101,179,40,136,79,183,73,137,220,162,34,122,211,47,56,119,194,118,81,211,98
5,64,80,142,116,41,48,27,169,185,21,74,102,174,37,116,91,184,58,122,201,154,39,88,206,53,44,105,175,127,89,214,90
5,75,77,140,134,67,43,32,172,197,25,81,111,176,37,108,104,181,57,121,191,170,31,105,204,53,50,113,157,116,66,200,96
5,88,97,157,133,34,49,26,181,194,27,82,129,176,44,119,102,187,80,143,238,152,39,105,217,53,48,110,154,125,57,188,94
5,59,96,156,125,39,45,23,171,190,27,83,105,179,30,121,100,176,74,138,210,158,35,115,205,42,53,115,172,100,60,187,93
5,75,86,147,131,37,50,24,174,183,27,83,109,173,33,121,95,183,69,132,214,156,39,116,209,54,52,115,158,120,51,188,98
5,114,86,148,138,54,49,19,187,185,29,86,111,163,35,112,98,201,64,127,212,162,39,92,223,55,61,124,177,124,56,197,106
5,86,105,163,145,20,49,23,182,181,18,67,103,182,41,140,85,188,91,152,246,141,39,100,221,59,53,115,160,127,50,192,101
5,77,87,149,133,31,47,19,175,189,24,79,111,185,37,140,97,181,70,133,237,150,40,99,208,44,64,128,168,102,51,182,104
5,77,75,138,116,47,46,36,172,183,25,79,103,174,31,128,93,179,65,129,212,153,39,125,205,52,65,129,173,100,47,169,108
5,83,78,141,109,39,50,14,175,189,27,83,108,173,35,123,100,186,60,123,200,153,40,83,208,45,58,121,156,116,45,181,99
5,88,87,149,140,28,49,21,178,190,22,74,106,181,37,124,95,189,69,133,230,154,38,102,215,53,53,116,144,114,52,187,98
5,69,83,145,113,32,47,14,171,187,19,70,112,182,38,126,91,183,66,129,210,156,37,106,208,47,51,114,189,125,83,211,94
5,88,79,141,126,38,50,14,177,185,22,76,96,182,31,122,92,191,64,127,203,154,37,96,214,51,50,112,175,117,77,207,95
5,49,84,146,142,61,48,32,165,189,22,75,99,187,32,113,94,174,68,132,210,157,35,109,202,39,43,104,152,119,59,193,83
5,64,87,149,127,45,47,16,171,188,27,83,109,181,30,118,98,177,67,131,200,153,38,93,204,44,56,120,137,125,48,187,97
5,81,78,141,114,58,43,27,174,190,24,78,107,187,32,131,97,183,62,126,200,164,35,114,207,52,63,127,189,100,58,180,106
5,102,74,137,135,56,52,16,180,191,24,78,109,185,32,122,98,190,59,123,207,162,38,93,212,56,69,132,182,112,48,181,113
5,77,83,145,129,56,44,34,174,190,24,79,109,152,44,108,98,184,64,127,212,159,35,113,208,55,51,114,187,128,91,223,98
5,82,77,140,123,47,51,19,174,193,28,84,126,179,36,133,104,184,57,120,206,159,40,90,206,46,58,121,174,101,61,190,99
5,81,70,133,117,44,51,11,172,192,24,78,104,175,34,118,99,184,53,116,194,161,39,86,204,47,62,125,176,112,49,177,103
5,73,107,165,133,26,44,24,178,203,28,84,117,177,42,118,111,175,85,147,220,143,37,108,209,47,59,122,204,105,77,204,100
5,92,87,149,132,47,47,14,180,211,29,86,130,181,41,140,118,182,64,127,219,157,40,85,207,53,61,125,164,112,55,194,105
5,94,89,151,140,36,52,21,181,206,24,78,116,176,39,110,110,186,69,133,207,153,39,102,212,49,60,123,153,118,55,198,102
5,91,89,150,148,44,51,13,180,196,30,87,112,181,31,130,107,184,70,133,204,160,35,91,211,48,63,126,182,94,66,185,104
5,53,99,158,134,40,45,32,170,191,24,77,104,187,34,125,98,170,82,144,217,156,34,120,204,45,54,117,160,118,61,203,96
5,84,78,140,115,49,47,25,175,193,25,79,103,183,32,122,100,183,60,123,209,156,37,117,206,58,63,126,199,116,61,191,109
5,83,90,152,170,39,53,37,178,193,25,80,109,176,34,128,101,187,62,126,206,158,38,104,210,63,55,118,189,120,76,213,106
5,78,100,159,143,20,48,34,178,194,26,81,107,167,37,110,102,179,86,148,239,144,38,114,212,55,52,115,154,131,52,197,98
5,75,84,146,122,33,47,21,173,185,25,80,113,172,40,138,95,183,65,128,225,154,43,95,208,51,55,118,154,112,56,197,99
5,80,81,143,121,45,53,31,174,198,31,88,105,150,42,88,109,179,67,130,219,152,46,124,205,49,53,116,184,117,65,193,97
5,93,86,148,121,37,45,11,180,203,26,81,127,166,44,115,109,186,68,131,216,158,36,90,211,49,58,121,137,107,43,179,101
5,83,95,155,127,44,44,17,178,199,22,75,110,168,38,112,103,185,71,135,222,148,36,97,212,52,56,120,179,113,61,196,100
5,90,96,156,142,31,50,23,181,199,26,82,111,163,41,106,107,186,81,143,230,148,38,111,216,47,51,113,172,119,63,197,93
5,65,105,163,152,24,48,37,175,198,24,78,113,182,36,114,104,173,87,149,222,149,37,127,208,46,56,119,157,117,57,197,97
5,62,91,152,133,24,50,38,171,198,25,80,109,179,35,120,105,174,72,135,233,148,40,137,203,52,49,111,165,116,61,191,94
5,60,105,163,134,26,44,30,173,205,30,87,122,168,36,107,114,169,79,142,232,145,37,121,202,47,57,120,202,109,75,198,99
5,88,118,173,201,52,50,52,185,214,27,83,130,180,44,127,119,182,82,145,238,160,37,131,214,57,58,121,201,118,76,207,105
5,74,115,171,166,22,48,46,180,205,29,86,113,186,29,120,114,174,88,150,232,151,34,133,209,53,60,123,161,111,64,197,104
5,73,85,146,142,31,54,32,173,199,21,74,116,188,41,134,103,176,66,130,233,155,42,123,203,60,58,121,169,123,52,193,106
5,84,98,158,149,33,46,29,180,209,25,79,122,185,44,124,113,180,77,140,222,155,37,116,210,53,54,117,159,115,53,193,99
5,92,89,150,134,40,51,12,180,204,26,81,118,176,38,121,110,185,71,134,215,149,40,85,212,57,53,116,141,110,53,190,100
5,112,95,155,136,44,47,16,188,199,25,79,130,174,46,135,105,195,79,142,238,158,36,100,223,51,60,123,145,120,43,180,103
5,77,91,152,145,44,48,33,176,202,19,69,113,188,43,121,102,179,74,137,220,160,38,130,208,51,59,122,187,115,64,196,103
5,57,108,165,158,27,48,28,173,200,20,72,112,186,40,122,102,173,82,145,238,153,37,110,206,53,51,114,182,112,72,205,97
5,48,100,159,143,33,48,34,169,200,22,75,121,186,37,116,103,169,77,140,214,155,37,124,201,45,51,113,169,113,71,201,93
5,98,86,148,149,50,51,20,182,202,21,73,107,185,35,114,104,187,64,127,213,161,39,85,211,63,69,132,172,116,47,187,116
5,86,101,160,140,29,47,28,181,200,23,76,114,181,44,129,104,183,86,148,224,143,35,113,216,57,49,112,149,123,53,193,97
5,79,88,149,146,49,45,33,176,206,24,78,115,181,38,107,110,178,75,138,240,157,35,120,208,49,50,112,172,122,65,199,93
5,75,97,157,137,44,46,37,176,205,23,77,109,163,46,101,108,176,79,142,226,156,37,129,208,49,56,119,168,110,60,186,98
5,65,99,159,138,38,45,37,174,200,30,87,115,180,33,120,110,169,83,145,223,146,33,124,203,56,56,119,160,117,50,187,102
5,90,85,147,114,47,43,14,179,203,26,82,129,176,41,127,110,182,63,126,207,161,35,92,207,57,67,131,155,124,47,195,112
5,79,82,144,148,57,49,42,174,208,25,80,118,175,42,109,113,176,64,127,232,139,44,112,202,49,63,126,217,122,76,206,104
5,73,75,138,114,68,42,35,171,209,22,75,111,184,37,117,111,176,57,120,201,163,38,117,199,53,56,119,179,121,63,203,101
5,81,77,140,119,46,51,12,174,215,25,80,123,188,36,125,119,174,60,123,194,163,34,97,199,61,55,118,163,77,55,164,104
5,88,104,163,147,39,44,32,182,234,37,97,142,182,41,116,143,171,71,135,228,155,39,128,201,60,51,113,161,133,62,207,100
5,68,97,157,162,25,47,38,174,217,23,77,131,189,47,132,119,172,67,131,213,149,36,117,200,61,53,115,154,127,58,200,103
5,89,85,146,149,49,48,38,178,217,28,84,125,180,37,116,122,176,65,128,214,159,36,128,202,57,64,127,160,84,57,173,109
5,62,82,144,115,47,45,32,169,213,23,76,118,185,36,120,115,167,63,127,212,161,36,129,194,57,55,118,162,102,56,185,102
5,60,95,155,145,57,44,40,171,205,22,74,107,185,37,107,108,170,68,132,229,166,36,131,199,60,59,122,180,107,63,193,107
5,78,79,141,134,66,48,31,173,218,22,75,122,189,45,114,119,174,65,128,215,167,39,127,201,58,45,107,143,125,56,191,94
5,63,78,141,156,55,51,32,168,202,23,77,110,185,35,116,107,171,55,118,213,163,38,103,194,64,60,124,172,118,59,197,110
5,71,69,132,121,63,47,29,169,200,23,76,107,167,42,106,105,177,52,115,197,168,36,116,199,62,49,111,153,128,57,201,99
5,96,89,151,154,46,50,39,182,210,26,81,127,185,38,126,115,182,66,129,233,160,39,120,208,64,66,129,177,116,55,197,114
5,86,80,142,142,43,51,18,176,208,28,84,127,179,40,117,115,178,62,126,210,152,37,95,203,63,56,119,184,132,58,197,106
5,74,71,134,115,68,46,23,170,202,20,72,112,182,39,122,104,178,55,118,188,157,37,100,200,58,53,116,178,131,75,214,101
5,68,85,146,151,58,50,42,172,211,20,70,122,187,50,141,111,173,63,126,224,163,41,127,199,58,56,120,164,126,56,200,104
5,69,87,149,134,51,48,40,173,210,24,78,117,178,40,123,114,173,71,135,217,159,39,126,202,56,46,108,169,124,68,202,94
5,66,97,157,143,52,42,43,174,225,29,86,147,182,52,141,130,163,66,129,210,163,38,131,192,60,64,127,170,122,46,186,111
5,78,80,142,142,54,50,39,173,221,28,84,120,181,38,118,126,170,55,119,201,166,36,127,194,65,58,121,164,120,57,196,109
5,66,91,152,137,28,44,30,172,224,30,87,142,181,45,137,130,167,59,123,210,153,38,105,193,65,49,112,199,131,97,229,102
5,83,76,139,124,59,47,14,174,214,26,81,127,182,41,122,119,180,52,115,206,155,39,78,201,60,51,113,177,131,68,208,100
5,86,77,140,123,58,43,20,176,217,22,75,123,181,48,109,118,180,56,119,188,168,35,98,202,62,51,113,169,129,62,201,102
5,72,78,140,118,41,48,28,171,208,23,77,118,181,40,120,111,173,59,123,216,157,41,116,197,62,57,121,173,127,62,203,107
5,75,77,139,144,57,54,37,172,206,26,81,115,182,35,131,112,174,59,123,204,162,39,115,199,61,56,119,181,130,63,203,105
5,75,82,144,122,56,41,28,173,208,27,84,118,179,39,120,115,176,59,122,189,161,32,99,200,58,56,119,170,127,67,206,103
5,79,83,145,142,66,46,41,175,205,22,76,119,185,43,150,108,180,61,125,200,161,37,125,204,59,55,118,156,122,56,194,103
5,74,73,136,111,69,46,18,171,206,19,70,116,183,42,114,107,177,55,118,193,167,35,96,200,56,57,120,188,128,76,208,103
5,71,89,150,131,48,45,31,173,207,25,80,109,175,39,105,112,176,61,124,200,157,36,102,201,65,52,114,180,137,79,218,104
5,61,90,151,137,26,49,26,171,218,26,81,136,183,50,136,122,168,63,127,200,153,37,101,195,51,55,118,140,110,45,182,99
5,44,102,161,156,53,46,53,168,212,32,90,134,175,42,118,121,159,70,133,246,163,40,146,190,62,53,116,192,98,68,191,103
5,69,107,165,177,46,52,61,177,216,33,91,132,168,37,123,125,168,76,139,215,159,36,138,200,67,53,116,170,128,68,209,106
5,77,74,137,129,94,39,51,172,213,33,92,129,180,38,132,123,175,45,106,195,172,36,137,194,61,59,122,202,126,88,227,107
5,72,78,141,116,46,46,24,171,209,22,75,114,187,35,129,111,171,55,118,189,162,35,104,195,64,68,132,210,117,67,208,116
5,66,68,131,112,76,43,29,167,208,21,73,125,182,48,132,110,173,46,108,193,175,38,118,193,63,54,117,182,124,68,205,105
5,74,80,142,146,66,50,40,172,206,26,81,123,175,41,125,112,176,51,114,230,170,45,128,197,63,63,126,255,124,128,246,112
5,81,74,137,127,58,46,34,173,198,29,86,136,175,48,144,108,178,58,121,220,156,38,105,202,60,56,120,193,130,73,215,105
5,67,89,150,145,24,51,36,172,213,29,86,134,165,50,109,120,170,63,126,206,148,42,119,196,65,52,114,158,122,49,187,104
5,57,82,144,140,41,46,45,167,225,21,74,125,185,54,123,124,160,59,122,224,147,41,120,187,57,62,125,180,125,60,197,107
5,70,72,135,105,48,45,24,169,218,19,69,119,196,46,131,116,171,53,116,204,156,42,109,194,57,57,120,189,122,80,215,104
5,84,76,138,127,72,42,30,175,219,21,74,122,195,43,134,119,177,56,120,223,164,38,122,200,54,59,122,199,116,85,215,103
5,92,78,140,119,26,51,13,178,210,22,76,128,193,40,144,112,183,63,126,222,151,41,107,207,58,56,119,163,110,60,195,103
5,80,92,153,125,39,43,28,177,212,26,81,118,191,42,140,117,176,66,129,219,158,38,105,203,53,64,127,210,108,92,216,107
5,47,77,139,138,55,50,40,163,205,18,68,106,183,42,116,105,166,53,116,239,164,50,137,189,64,53,116,202,124,86,210,104
5,59,70,133,129,58,47,35,165,210,18,67,121,187,55,124,109,169,58,121,226,164,41,146,194,57,45,107,167,126,74,206,93
5,54,58,121,95,83,41,37,161,208,27,83,126,173,45,125,114,168,51,113,197,157,35,120,190,65,24,79,139,131,76,190,80
5,52,23,77,90,166,54,72,151,211,13,57,97,176,57,70,105,173,18,68,163,205,42,152,182,68,21,73,104,142,56,191,78
5,25,20,71,88,68,120,25,142,190,11,54,103,176,64,97,85,169,16,65,183,169,79,84,177,53,25,79,142,149,91,224,71
5,63,169,208,188,24,40,52,189,137,47,110,179,121,99,180,88,178,150,195,255,120,34,106,233,52,38,98,135,111,58,173,84
5,65,85,146,151,42,54,29,171,141,30,87,101,120,54,105,71,194,70,133,253,154,44,110,219,32,32,90,120,106,63,173,69
5,54,98,158,153,38,49,60,170,158,37,97,130,122,53,121,88,172,96,156,254,112,47,120,210,61,31,89,105,104,57,127,83
5,105,126,179,162,58,36,43,193,163,63,126,142,123,52,144,113,178,145,192,255,105,38,87,232,23,44,105,78,95,35,137,79
5,123,106,164,173,87,45,63,194,160,62,126,140,104,50,124,111,194,113,169,245,93,44,97,233,27,47,108,130,95,51,160,82
5,50,84,146,156,54,48,47,165,170,23,76,115,155,51,137,81,181,66,129,212,154,39,119,206,45,40,100,159,122,81,209,82
5,89,84,146,122,32,49,21,178,184,27,83,113,158,39,114,95,191,67,131,207,153,36,92,216,34,55,118,180,108,82,212,92
5,52,87,148,117,42,44,31,167,177,17,67,100,181,36,129,80,183,63,127,217,160,39,111,208,41,45,106,171,135,87,226,86
5,67,66,130,114,78,46,44,167,173,22,75,97,169,38,116,83,186,54,118,214,176,36,135,207,36,49,111,152,130,73,216,87
5,71,67,130,156,77,55,42,169,175,17,66,86,177,37,101,79,188,53,116,219,175,37,123,209,43,51,114,184,119,85,220,92
5,83,56,119,125,78,50,49,170,175,25,79,110,165,42,128,86,194,39,99,203,175,46,139,208,53,46,108,156,136,75,219,92
5,77,69,132,110,51,48,31,171,168,26,81,106,166,38,116,83,190,50,113,199,164,40,112,209,49,52,115,185,114,77,209,96
5,71,81,143,141,55,47,38,172,171,29,86,108,155,37,125,88,191,59,123,239,163,41,125,212,46,38,98,139,135,70,213,81
5,72,79,142,129,38,48,29,172,174,20,72,109,172,47,132,82,188,59,123,215,158,42,100,210,45,56,118,166,119,70,213,97
5,74,73,136,133,46,50,19,171,175,21,73,109,171,41,131,83,190,55,118,206,162,39,100,210,47,50,113,148,123,62,207,93
5,64,71,134,111,73,43,32,167,177,20,72,95,170,36,112,84,185,52,115,204,174,36,112,205,51,47,109,161,127,73,215,93
5,50,70,133,108,62,46,27,162,179,19,70,106,171,41,108,84,180,48,111,198,168,38,101,199,47,47,109,181,129,93,225,90
5,75,81,143,111,57,41,26,173,178,22,75,108,165,41,133,86,189,57,120,209,163,37,100,210,41,59,122,196,127,78,219,98
5,55,73,136,106,66,47,22,164,177,21,74,97,182,31,120,85,180,58,121,207,171,39,111,204,35,46,108,165,118,74,211,84
5,79,80,142,131,56,45,38,174,179,26,81,111,172,38,135,91,188,62,125,213,165,35,133,211,42,54,117,175,119,69,209,94
5,82,74,137,127,76,44,40,174,180,22,75,118,172,44,137,88,191,59,122,228,172,38,127,212,41,52,114,146,107,54,193,92
5,71,72,135,118,52,51,21,170,179,22,76,110,173,44,130,88,184,57,120,213,150,44,105,206,49,54,117,194,116,74,207,97
5,71,87,149,120,45,45,23,173,187,19,70,99,176,36,118,90,187,67,131,210,161,34,103,212,41,48,110,174,127,78,215,89
5,75,88,149,129,43,52,9,175,183,19,70,110,186,36,137,87,189,70,133,228,159,39,94,214,41,50,112,161,103,63,189,90
5,90,84,145,120,37,50,15,178,185,24,79,106,177,32,123,94,193,64,128,210,153,40,97,216,44,54,116,169,112,65,197,95
5,84,81,143,125,56,48,19,176,185,22,75,99,174,34,115,92,190,67,130,228,164,39,108,214,46,51,113,142,112,55,189,93
5,90,73,136,116,65,51,17,176,192,22,75,117,180,36,133,97,192,55,119,216,170,37,98,212,52,48,110,119,117,36,174,94
5,71,67,131,106,52,55,10,169,190,18,67,114,191,42,139,91,184,54,117,205,160,41,93,205,46,50,113,168,111,68,199,93
5,72,84,146,127,51,47,33,173,192,20,72,108,185,33,120,96,183,68,131,207,155,36,119,209,46,49,111,143,118,55,196,91
5,78,77,140,112,53,48,18,173,190,24,79,112,182,37,128,98,183,62,126,211,159,41,105,207,40,58,121,177,112,70,205,97
5,69,67,131,117,68,47,18,168,193,20,71,105,186,31,123,96,181,53,116,203,170,36,107,202,49,47,110,154,124,64,199,92
5,59,91,152,115,49,40,30,170,189,21,73,104,183,36,119,94,179,64,128,212,163,36,120,205,47,54,117,200,111,93,217,97
5,65,67,131,114,63,50,24,166,192,24,78,113,189,31,125,99,178,49,112,199,168,42,98,198,46,55,118,188,118,77,207,97
5,73,90,151,130,28,49,19,174,191,22,75,109,183,33,136,96,183,69,132,213,154,37,106,209,50,52,115,174,122,65,203,96
5,79,83,145,132,38,51,29,174,195,17,67,112,188,42,131,96,183,67,130,229,154,42,119,209,48,57,120,167,116,52,190,99
5,92,85,147,129,42,50,21,179,189,21,74,119,182,43,138,94,187,68,131,231,160,41,122,212,57,68,131,174,121,54,199,112
5,85,83,145,122,43,49,24,177,198,21,73,102,182,33,108,101,188,67,131,222,159,40,117,213,42,50,113,159,130,64,208,91
5,90,89,150,138,47,48,27,180,193,23,76,114,186,39,130,98,187,73,136,228,160,35,109,214,44,63,126,157,106,54,192,102
5,87,75,138,113,58,50,9,176,196,29,85,122,163,42,126,106,184,59,122,200,166,38,104,207,47,59,122,197,114,74,207,101
5,79,69,133,111,62,51,21,171,200,24,78,110,178,36,117,105,180,54,118,210,164,42,105,202,47,56,120,205,112,81,209,98
5,73,84,146,160,41,54,35,173,195,24,78,125,182,44,141,101,181,61,125,215,160,42,114,206,50,56,119,182,113,65,203,100
5,73,80,142,121,52,46,32,172,198,22,75,106,182,36,111,102,180,61,125,213,163,38,120,204,43,59,123,196,116,71,204,99
5,77,63,126,112,57,55,10,169,208,26,82,110,173,33,109,114,175,48,110,215,160,46,95,195,47,64,127,202,117,72,205,105
5,82,77,140,127,56,49,21,174,203,28,84,116,179,36,115,111,180,56,120,208,167,41,101,202,48,64,127,172,119,53,195,105
5,90,77,139,108,55,49,15,177,203,30,87,109,160,36,103,113,181,61,124,209,162,38,105,205,48,62,125,163,102,54,173,104
5,65,75,137,119,58,43,33,168,200,23,76,114,176,40,116,104,176,59,123,218,164,37,117,200,45,50,113,171,105,68,199,92
5,86,75,137,119,61,49,20,175,206,24,78,117,186,37,131,110,183,56,120,204,161,39,104,205,45,61,125,185,112,70,205,101
5,84,80,142,122,56,46,33,176,202,28,85,116,178,33,116,111,182,60,123,212,165,40,114,205,51,58,121,187,125,75,214,101
5,93,75,138,117,58,46,21,178,200,24,79,116,186,34,123,106,189,57,120,203,166,36,91,210,53,54,117,184,125,71,207,99
5,77,80,142,125,71,41,33,173,207,26,82,128,179,40,122,113,180,56,120,201,173,32,108,202,45,55,118,176,124,67,208,96
5,83,79,141,129,50,49,21,175,203,27,83,120,189,34,133,110,181,60,124,204,158,39,106,205,56,52,115,152,115,55,197,99
5,73,73,136,145,53,51,33,170,210,25,80,131,183,40,130,114,175,53,116,212,160,40,124,197,57,53,115,186,126,75,205,100
5,86,80,142,133,66,46,35,176,212,24,78,116,185,36,115,115,180,62,126,227,169,37,135,205,50,56,120,189,114,74,204,100
5,78,82,144,121,45,48,24,174,212,24,77,112,176,37,99,115,176,63,127,219,159,39,110,202,52,55,118,173,113,56,193,100
5,57,88,149,117,52,40,29,169,212,35,94,130,180,37,113,124,164,57,121,193,162,32,100,190,52,60,123,182,113,77,210,104
5,64,120,174,194,31,51,54,178,216,33,91,138,163,45,111,125,166,94,154,227,127,36,128,204,53,50,113,164,127,59,197,96
5,77,84,146,150,36,53,20,174,213,25,81,121,186,34,114,118,174,60,124,206,157,38,99,199,57,62,125,192,121,60,194,107
5,55,89,151,177,48,60,71,168,215,27,83,116,190,33,111,120,161,68,131,230,163,46,173,191,54,60,123,181,109,58,196,104
5,77,71,134,135,67,50,30,171,213,24,77,117,183,38,103,116,176,53,116,210,171,39,118,198,59,50,113,146,129,47,188,99
5,83,80,142,151,57,47,25,175,210,28,84,130,176,40,127,116,179,57,120,213,167,39,114,202,54,58,121,165,116,55,197,103
5,81,68,132,118,60,51,16,172,207,28,85,115,186,32,117,115,174,52,115,202,168,38,112,196,53,67,130,187,112,61,191,110
5,85,74,137,105,49,53,5,175,207,27,83,114,168,35,101,114,180,57,121,204,162,38,104,203,53,56,118,186,114,58,183,100
5,83,75,138,135,61,49,16,174,205,34,92,111,170,30,108,117,181,55,119,202,167,35,109,203,53,46,108,152,126,50,186,92
5,92,77,140,124,58,47,24,178,211,23,77,125,174,46,94,114,184,64,128,211,167,34,118,208,49,51,113,187,120,67,193,94
5,89,76,139,124,69,44,27,177,210,29,86,126,180,32,115,117,181,59,122,202,164,35,118,204,50,56,120,167,107,54,185,100
5,57,90,151,153,48,50,33,169,205,31,89,123,167,39,98,115,167,70,133,221,163,39,139,197,51,49,112,147,101,57,185,94
5,94,91,152,158,46,49,38,181,215,36,96,135,171,38,133,127,180,67,131,218,158,37,128,206,57,56,119,152,124,52,193,103
5,91,96,156,146,53,44,31,181,207,27,82,109,183,34,109,113,181,72,135,227,163,34,116,209,59,67,130,166,110,47,184,112
5,77,77,139,127,42,51,15,173,210,27,83,118,179,33,105,116,174,56,120,197,159,37,100,197,56,63,126,163,117,49,181,108
5,83,102,161,162,50,51,40,180,206,33,91,124,179,35,133,117,174,77,140,232,157,36,123,205,59,66,129,173,108,59,196,112
5,86,93,154,139,56,44,34,179,212,25,80,114,189,34,111,116,179,68,131,217,160,36,120,206,49,67,131,180,93,54,173,108
5,76,86,147,131,48,48,26,174,207,25,81,113,188,34,112,112,176,64,127,210,161,37,118,202,55,59,123,187,130,64,206,104
5,96,98,158,134,58,44,20,184,209,29,86,111,185,33,114,116,185,74,137,230,164,36,112,213,55,56,119,167,114,55,193,102
5,66,99,158,130,47,42,18,174,205,27,83,118,189,36,136,112,174,71,134,199,158,34,97,203,44,60,123,172,122,58,201,100
5,85,77,140,136,53,50,22,175,210,29,86,124,182,35,114,118,177,58,121,203,163,37,114,200,51,64,127,212,117,74,204,106
5,86,81,144,115,45,47,20,177,211,34,93,120,156,37,114,122,178,61,125,206,160,39,119,203,53,53,116,165,110,49,177,98
5,87,83,145,124,52,47,19,177,206,36,96,116,154,36,108,120,180,57,120,215,164,39,103,203,62,55,118,154,112,54,194,105
5,78,84,146,122,53,42,21,175,208,27,83,117,188,36,129,114,177,60,123,203,165,35,108,201,54,62,125,171,117,54,195,106
5,84,82,144,124,66,45,20,176,212,28,84,123,182,37,121,118,179,60,123,197,160,37,112,203,53,56,120,162,126,54,196,101
5,89,73,136,123,67,51,20,176,211,24,78,125,185,45,114,115,180,59,123,202,159,38,114,204,49,58,121,173,112,53,190,101
5,76,82,144,137,45,46,33,173,215,26,81,120,180,37,117,120,173,61,125,228,161,38,126,199,56,54,116,152,114,56,186,100
5,86,83,145,108,52,48,11,177,212,28,84,137,186,41,129,118,176,61,124,204,158,38,95,201,58,64,127,184,102,60,189,110
5,96,83,145,137,56,50,16,180,206,29,86,123,177,39,109,114,182,65,128,220,159,38,106,207,58,67,130,165,114,47,181,112
5,81,85,147,127,49,48,11,176,212,24,78,114,182,34,115,116,176,64,128,221,163,38,107,202,53,61,125,152,118,51,193,105
5,65,106,164,148,20,44,35,175,207,27,82,115,181,37,127,113,170,83,145,227,151,35,126,204,56,53,116,194,119,76,207,100
5,81,111,168,132,18,51,10,181,210,31,89,123,179,35,118,119,174,79,142,229,149,41,96,206,57,70,133,169,103,46,184,114
5,81,117,173,146,27,43,27,183,211,35,94,125,171,37,125,123,171,91,152,236,147,35,114,208,53,66,129,168,90,52,178,109
5,95,88,150,147,52,52,21,181,210,40,101,127,151,44,116,126,171,74,137,250,134,46,116,202,60,71,134,205,110,63,200,116
5,119,96,156,147,41,50,14,191,211,29,86,119,182,35,118,119,188,77,140,243,158,39,105,216,56,79,142,180,96,63,201,120
5,93,107,165,152,33,45,29,184,207,31,88,136,186,40,140,117,180,85,147,236,151,37,114,213,57,60,123,187,123,58,197,106
5,80,99,158,128,32,47,13,179,207,30,88,133,172,42,130,116,173,80,142,215,147,36,96,205,54,63,126,174,118,63,200,107
5,49,123,177,132,32,38,28,174,208,33,92,146,182,46,145,119,162,90,152,230,147,36,117,201,47,56,120,146,108,59,199,98
5,91,87,149,125,44,45,12,179,210,27,83,128,181,41,125,116,176,65,128,197,151,37,86,202,59,79,141,165,108,39,177,121
5,101,90,151,109,29,50,1,183,215,28,85,132,182,37,118,121,180,65,129,199,154,38,81,206,57,79,141,176,104,42,181,120
5,94,92,153,111,33,48,10,182,210,32,89,126,184,34,116,119,178,72,135,202,143,37,96,206,47,76,138,196,99,53,178,114
5,90,97,157,138,18,51,20,181,212,33,92,123,180,35,118,123,177,78,141,229,142,42,118,208,43,63,127,182,102,62,187,102
5,84,90,151,128,37,49,20,178,208,29,86,128,175,44,129,116,176,73,136,221,152,41,112,205,49,63,126,172,100,51,181,104
5,84,91,152,142,46,47,24,178,213,27,83,131,180,38,120,118,176,71,134,235,149,41,118,204,54,62,126,194,112,67,203,107
5,107,102,161,147,23,48,17,188,212,38,98,135,182,36,133,126,184,82,144,225,148,39,108,215,54,60,123,144,118,46,187,104
5,98,101,160,108,27,43,3,185,210,30,87,132,183,40,134,119,182,78,141,200,145,35,77,212,52,69,132,152,112,42,183,110
5,101,104,162,138,30,46,14,186,211,32,91,124,180,36,129,121,185,81,143,220,154,36,111,215,52,57,121,194,113,77,208,101
5,83,95,155,131,39,45,30,179,217,34,93,130,168,39,113,127,170,75,138,214,149,38,123,201,53,65,128,158,103,43,173,108
5,61,103,162,125,20,46,18,174,206,27,83,131,190,44,148,113,167,70,134,217,146,39,85,197,56,72,135,186,116,52,193,115
5,79,115,171,154,38,44,38,182,206,38,98,131,155,43,115,122,171,90,151,238,153,36,139,207,58,60,123,174,105,54,184,106
5,108,104,163,137,52,41,29,189,213,28,85,128,191,37,129,119,182,81,144,230,151,35,124,213,58,79,142,191,115,50,192,121
5,87,105,163,128,45,41,19,182,214,34,93,130,167,43,120,125,176,74,137,210,154,35,98,205,53,69,133,199,110,64,201,111
5,73,73,136,108,58,47,15,171,209,28,84,109,169,37,103,116,175,55,118,196,165,36,108,198,55,50,112,169,119,58,189,97
5,81,83,145,135,42,49,25,175,216,27,82,136,186,42,131,121,173,65,128,213,157,41,118,199,52,63,126,174,115,52,181,106
5,86,79,141,133,62,45,26,176,213,27,83,119,185,33,112,119,177,64,128,233,160,38,134,203,56,53,115,189,120,86,210,99
5,85,77,140,142,53,47,25,175,214,24,78,127,177,50,122,117,174,61,125,205,158,38,111,199,69,58,121,156,127,47,190,112
5,73,78,141,143,66,45,43,172,216,23,77,114,191,37,117,118,171,53,116,200,163,36,121,194,63,61,125,189,117,68,209,110
5,71,81,144,144,65,47,37,172,210,38,98,146,179,42,133,124,168,58,121,209,157,41,127,193,63,56,119,175,130,55,197,106
5,63,85,147,140,65,44,47,170,205,29,86,137,182,45,137,114,171,63,126,201,155,36,108,197,56,51,113,181,127,76,207,98
5,95,72,135,100,44,55,0,177,210,26,82,118,183,36,117,116,180,59,123,191,157,37,97,204,62,57,120,191,114,71,197,106
5,80,71,134,104,53,48,17,172,211,30,88,125,186,35,117,120,175,50,112,185,162,40,99,195,61,58,121,194,127,63,196,107
5,71,87,148,143,60,43,33,173,212,29,85,115,166,36,104,119,169,66,129,203,162,34,119,197,58,58,121,195,124,72,205,105
5,88,79,142,138,54,48,27,177,213,26,82,116,176,37,110,118,174,63,126,214,158,39,118,200,62,67,130,201,119,64,196,114
5,81,79,141,122,54,51,23,175,213,29,85,131,182,38,123,119,173,59,123,217,161,41,113,198,57,65,128,187,120,60,199,110
5,84,86,148,151,57,48,29,177,211,30,87,117,177,33,116,119,175,65,128,206,157,37,115,202,58,63,126,182,118,59,196,108
5,76,84,146,115,49,46,18,174,214,29,86,118,179,36,101,121,171,64,127,203,158,38,110,198,52,61,125,205,116,79,206,105
5,80,79,141,132,57,49,27,174,214,28,85,128,179,42,113,120,173,59,122,213,159,40,114,197,62,59,122,173,125,53,191,108
5,74,75,137,99,52,47,15,171,207,29,86,125,182,33,121,115,173,54,117,190,161,38,103,196,53,64,127,205,124,71,204,107
5,81,76,139,121,64,46,27,174,212,24,78,116,182,37,118,115,176,59,123,212,163,37,115,200,61,55,118,171,121,60,195,104
5,78,79,142,151,52,45,34,173,211,26,81,109,176,35,110,116,174,56,120,199,161,36,105,198,53,66,129,207,122,81,211,109
5,75,71,134,115,61,45,31,171,206,32,89,132,182,39,136,117,173,49,111,203,169,41,124,194,62,61,125,192,123,71,208,110
5,67,79,141,119,47,46,34,170,210,25,80,123,176,43,121,115,172,53,116,211,163,40,115,195,64,54,117,192,115,66,202,105
5,65,79,141,101,70,38,26,169,209,27,83,122,185,39,131,115,169,58,121,193,168,33,99,194,58,56,118,199,117,84,211,103
5,88,81,144,117,46,47,15,177,216,36,96,134,183,35,131,128,176,55,118,207,158,41,90,198,59,61,125,192,122,71,212,108
5,77,84,146,115,30,46,23,174,209,27,83,127,187,38,127,115,177,61,125,204,151,39,104,202,58,53,116,180,135,66,211,101
5,84,83,145,132,52,45,21,176,212,30,87,142,179,45,127,120,176,61,125,213,151,42,100,201,61,59,122,215,129,79,210,107
5,93,82,144,132,50,46,32,179,212,26,82,118,168,42,107,117,178,66,129,234,163,40,128,205,58,64,128,202,122,66,203,110
5,81,88,149,145,42,47,28,176,208,35,94,132,171,41,129,120,174,63,126,203,152,39,106,200,59,62,126,182,128,57,199,109
5,84,82,144,150,48,48,40,176,212,34,92,150,177,45,143,123,172,62,126,211,153,41,116,198,60,65,128,200,125,64,205,111
5,76,85,147,132,39,46,23,174,209,29,85,136,185,40,131,117,174,58,122,205,156,38,92,199,59,62,125,213,129,83,219,109
5,68,75,138,132,49,45,39,169,207,29,86,126,182,38,131,115,174,51,114,193,159,36,117,195,51,55,118,195,122,82,214,99
5,102,76,138,117,55,44,39,181,211,29,85,136,183,43,127,118,183,57,120,210,164,42,127,205,69,60,123,196,131,66,199,113
5,77,79,141,129,54,47,32,173,210,24,79,123,173,42,112,114,175,59,122,211,158,38,116,199,62,54,117,168,132,60,206,104
5,74,70,134,125,69,48,38,170,207,21,74,108,172,48,87,109,173,57,120,226,158,45,120,196,61,59,122,185,126,67,212,107
5,64,75,138,142,58,48,36,168,210,23,77,112,164,48,95,113,166,55,118,203,162,38,123,190,64,65,129,175,128,48,192,114
5,80,81,143,105,44,45,15,174,207,25,81,123,180,39,127,112,176,60,124,197,159,35,99,201,59,62,126,187,126,59,198,109
5,85,87,149,134,40,45,25,178,209,25,79,117,186,39,130,113,178,67,130,214,156,40,111,204,57,64,127,177,130,59,207,109
5,86,77,139,129,57,46,19,176,223,36,96,127,188,35,136,134,171,52,115,204,167,40,121,193,56,66,129,164,125,57,207,110
5,79,76,139,135,57,47,29,173,212,25,79,128,186,43,124,116,173,56,119,213,165,37,116,196,63,64,127,209,125,72,208,112
5,83,86,147,124,52,43,29,177,211,21,73,118,188,45,115,112,178,67,130,221,163,37,120,204,58,60,123,169,125,64,206,106
5,84,84,146,132,65,46,33,176,205,23,76,128,169,47,126,109,178,65,128,226,159,40,115,204,61,64,127,191,121,65,204,111
5,71,83,145,155,54,50,30,172,216,27,82,133,176,49,112,121,169,59,123,210,149,41,90,194,71,52,115,206,139,81,217,108
5,63,87,149,197,54,66,63,171,219,31,88,144,174,45,125,126,168,59,122,222,158,41,128,193,55,50,113,173,136,66,207,97
5,33,96,156,145,31,47,17,163,202,23,77,114,188,38,128,106,164,69,133,196,155,33,94,194,53,38,98,178,128,106,221,85
5,73,81,144,135,70,46,34,172,210,27,83,126,187,37,129,116,173,58,122,213,159,42,111,197,59,59,122,190,123,68,206,106
5,77,78,141,123,71,43,42,173,211,26,81,124,187,38,120,116,174,58,121,214,165,40,138,198,59,58,121,172,120,61,205,106
5,56,75,138,111,31,43,26,166,204,30,88,132,156,48,128,114,159,55,118,199,155,40,127,185,64,73,136,163,82,50,174,119
5,75,68,131,108,76,43,23,170,205,27,83,113,176,35,114,112,176,48,110,184,168,35,96,196,64,52,115,195,134,86,220,103
5,76,32,89,90,137,49,41,162,206,16,64,112,184,47,114,104,176,29,86,182,188,41,131,189,68,46,108,199,124,82,206,101
5,25,14,59,40,160,20,28,64,192,5,37,80,208,17,115,47,169,10,50,134,212,14,106,97,49,33,92,122,140,27,173,47
6,67,106,164,168,22,63,69,176,127,38,98,131,137,57,168,74,184,91,152,255,128,48,138,218,79,30,87,162,115,69,156,96
6,89,146,192,199,40,46,73,192,114,39,100,143,123,79,176,73,151,208,230,255,58,38,94,233,44,79,141,139,52,44,135,115
6,147,215,234,232,49,33,61,223,145,106,164,205,60,69,160,138,166,212,232,255,87,30,98,245,74,103,161,180,77,35,152,144
6,141,185,217,188,36,35,52,216,149,99,159,154,62,48,116,134,134,244,250,255,43,34,102,234,50,127,180,162,48,38,143,148
6,176,173,209,173,39,37,37,224,142,85,147,172,77,58,131,122,162,242,248,255,19,40,69,251,59,118,173,155,55,34,135,146
6,149,186,218,194,31,35,53,218,154,91,152,177,94,53,150,131,150,228,241,255,65,31,102,239,51,132,183,153,33,40,133,151
6,181,183,216,204,56,36,44,227,175,90,152,180,111,54,151,140,167,226,240,255,43,36,82,250,49,121,175,182,50,40,141,144
6,176,202,227,209,50,33,56,230,168,112,169,212,86,64,153,150,151,233,243,255,45,33,95,241,64,148,194,183,25,45,120,165
6,119,209,231,178,50,29,49,214,178,81,144,159,127,49,166,135,147,219,236,255,83,29,109,234,77,98,157,180,102,32,154,142
6,110,199,225,187,31,35,51,209,169,61,124,146,134,47,149,115,151,215,234,255,71,30,111,235,68,101,160,139,66,34,141,140
6,185,209,230,183,36,31,31,234,184,90,151,198,112,60,166,144,173,229,242,255,45,31,92,255,73,116,171,162,24,49,124,151
6,126,182,216,181,31,35,56,210,177,91,152,177,112,47,145,141,127,229,241,255,42,36,105,225,49,129,181,213,63,36,155,149
6,195,187,218,222,37,35,46,233,184,85,147,192,110,66,158,141,156,247,251,255,41,37,74,249,48,161,202,202,51,34,153,166
6,179,187,218,206,27,38,42,228,194,104,163,193,116,51,153,158,138,235,244,255,49,35,99,233,56,163,203,200,25,38,128,170
6,141,186,217,190,22,35,60,216,184,99,159,195,97,47,131,150,123,255,255,255,33,32,112,231,37,121,176,177,55,40,138,141
6,151,228,241,226,22,34,57,227,201,125,178,193,134,43,155,174,129,240,247,254,35,33,101,230,56,140,188,157,35,36,145,158
6,167,179,214,170,20,34,37,222,201,73,136,185,142,49,145,143,162,210,232,255,58,34,93,241,62,117,172,208,54,41,144,147
6,166,206,229,229,20,39,58,227,198,119,174,210,118,60,167,169,133,224,239,255,63,34,107,227,60,164,204,185,14,46,122,172
6,199,184,216,216,0,39,36,233,210,109,167,183,130,40,136,170,154,225,239,255,50,34,87,240,57,141,189,187,56,36,139,159
6,146,169,207,170,20,38,38,214,198,114,170,196,106,44,142,166,136,204,228,255,89,32,122,222,53,109,167,152,40,45,121,139
6,156,212,232,219,5,38,53,225,208,118,173,194,114,42,136,174,126,236,245,255,30,34,106,226,61,141,189,185,38,41,140,160
6,206,173,210,207,36,36,31,233,223,102,161,187,127,44,126,174,164,187,218,255,93,34,87,235,79,138,187,192,34,47,126,166
6,162,184,216,207,30,35,41,222,215,111,168,186,131,38,144,174,132,210,231,255,51,34,95,221,52,148,194,162,35,34,141,160
6,192,149,194,193,50,41,41,224,201,120,175,199,116,44,140,172,160,189,219,255,68,38,86,233,71,101,160,153,53,51,110,142
6,201,162,203,174,42,35,33,230,218,104,163,196,125,44,124,172,145,218,236,255,21,39,89,232,53,154,198,176,38,40,136,164
6,141,172,209,169,10,36,43,213,205,84,146,197,137,50,149,152,137,204,228,255,53,35,98,222,62,125,178,172,53,40,136,152
6,184,229,242,211,32,33,49,237,233,116,172,217,146,55,162,188,159,202,227,255,61,34,108,236,68,134,185,180,64,33,145,159
6,209,211,232,188,19,32,32,241,219,108,166,209,105,53,151,175,150,230,242,255,41,35,84,240,60,185,217,193,32,32,143,182
6,167,177,212,190,48,35,49,222,221,107,165,224,137,52,144,176,131,201,226,249,57,38,93,217,57,158,200,192,50,32,142,168
6,190,215,234,202,20,33,40,236,223,133,184,229,124,47,153,190,139,214,233,253,37,38,91,227,72,163,203,205,33,35,140,176
6,176,212,232,192,6,31,35,231,215,103,162,209,105,57,151,170,138,224,239,254,54,31,94,230,67,169,207,226,44,33,151,177
6,159,202,226,190,37,32,52,224,195,94,154,180,108,46,127,152,133,239,247,255,56,32,108,232,64,152,196,190,36,34,142,167
6,171,199,225,214,18,37,43,228,228,117,172,216,123,52,153,185,145,194,222,255,55,37,99,224,77,127,179,173,72,34,148,159
6,158,203,227,237,24,39,57,224,231,137,187,217,122,45,150,198,111,198,225,255,45,37,109,204,51,180,214,221,43,40,143,177
6,209,208,230,255,82,39,60,241,229,148,194,241,105,48,144,202,138,238,246,255,40,37,96,234,45,151,196,175,34,36,136,160
6,173,180,214,196,74,37,49,224,223,117,173,202,98,45,128,182,129,209,231,255,49,34,108,219,55,153,197,189,39,37,142,164
6,189,216,235,238,24,43,58,236,214,157,200,212,124,45,159,198,118,250,252,255,45,34,93,226,54,163,203,187,29,51,120,169
6,203,221,237,242,32,36,48,241,232,127,180,230,141,44,151,193,147,221,237,255,33,39,92,235,62,165,204,163,38,31,142,173
6,150,153,197,198,37,45,47,212,220,114,170,210,151,43,147,179,124,190,220,255,54,40,97,209,57,119,174,182,63,39,146,146
6,173,213,233,194,25,32,50,231,230,111,168,211,150,42,146,184,118,251,253,254,27,34,102,226,57,157,200,181,59,29,146,167
6,188,196,223,231,39,37,45,232,230,125,178,221,127,48,144,191,131,219,236,255,60,33,100,224,56,161,203,215,54,37,146,169
6,156,205,229,211,34,38,61,224,229,120,174,213,129,45,147,187,118,234,244,255,44,34,111,221,48,134,184,192,44,40,144,151
6,207,208,230,237,71,33,50,240,229,129,181,240,133,58,163,192,153,209,231,254,37,39,94,234,61,163,203,179,37,35,134,171
6,135,171,208,222,45,41,59,211,222,115,171,216,142,51,158,181,125,186,217,255,72,35,107,208,55,115,171,186,58,42,138,143
6,216,194,222,223,30,38,42,240,225,149,195,215,123,43,143,200,138,235,244,255,46,37,81,233,53,153,197,180,55,32,139,164
6,148,192,221,229,40,39,66,219,217,129,181,222,126,47,151,185,124,206,229,255,67,35,122,215,48,132,183,157,28,38,143,151
6,191,186,217,207,56,35,42,231,240,107,165,208,124,51,131,188,143,201,226,255,31,40,89,225,78,138,187,182,51,39,135,165
6,192,201,226,240,57,38,51,234,226,133,184,229,132,45,144,193,137,210,231,255,22,44,85,225,36,176,212,215,29,41,141,171
6,198,189,219,212,45,36,42,234,227,109,166,214,121,51,136,181,135,235,245,255,14,39,79,232,64,155,199,175,46,35,135,169
6,176,179,213,202,23,41,43,225,219,138,188,215,122,46,146,191,133,201,226,255,44,36,93,219,54,139,188,179,23,44,131,157
6,191,195,223,204,42,35,44,233,225,129,181,206,113,43,124,190,125,229,241,255,30,35,104,223,49,173,210,169,14,36,130,173
6,204,184,217,197,59,35,40,235,244,120,175,210,130,44,124,198,149,209,231,255,69,33,112,232,56,124,177,155,44,36,136,148
6,243,207,229,206,64,33,34,251,234,158,200,249,92,50,144,209,144,243,249,255,43,36,93,240,41,179,213,161,39,32,131,174
6,135,225,240,224,31,36,49,222,223,144,191,239,131,52,170,196,113,196,224,255,67,36,123,205,57,161,202,221,56,34,139,169
6,223,200,225,243,37,40,54,244,242,131,183,235,126,43,141,201,157,212,232,254,67,36,91,239,56,144,191,167,52,34,137,160
6,168,204,228,203,14,35,54,227,223,126,179,233,137,52,155,187,119,213,233,255,65,32,115,214,61,178,213,211,51,31,144,179
6,197,189,220,192,30,32,40,234,231,89,150,186,129,47,129,172,136,225,240,255,47,34,98,229,54,192,221,208,35,36,137,184
6,195,208,230,223,15,39,49,237,236,166,205,230,110,47,149,214,152,184,217,254,84,36,102,226,71,109,167,181,53,48,142,146
6,191,207,230,198,48,33,44,235,232,127,180,202,123,39,138,193,127,238,247,255,19,35,94,228,44,164,204,169,21,34,137,167
6,195,217,235,239,39,37,54,238,230,134,185,231,129,52,153,195,153,199,225,255,63,33,112,231,62,154,198,188,33,38,127,167
6,188,214,233,229,30,34,46,235,218,100,159,219,124,54,149,170,154,242,248,255,62,31,102,246,57,128,180,147,56,35,134,151
6,149,216,235,233,17,37,54,224,227,121,175,228,142,55,165,187,129,210,232,255,68,33,111,220,67,127,180,196,56,40,144,155
6,255,206,229,188,10,35,22,255,244,130,181,215,135,43,129,202,155,200,226,254,48,38,89,233,42,255,255,197,0,35,138,209
6,181,191,220,202,48,34,51,229,227,130,182,241,106,48,138,192,114,212,232,252,51,36,116,210,46,202,227,207,29,36,146,187
6,168,179,214,194,14,37,32,223,226,102,161,174,129,36,123,176,137,188,219,252,70,35,97,217,78,148,194,199,61,33,139,171
6,209,255,255,212,15,30,35,249,231,121,175,214,109,48,135,189,152,239,247,255,56,32,94,244,68,182,215,203,49,30,146,184
6,156,205,228,200,29,32,47,224,216,107,165,196,132,46,144,173,131,207,230,255,49,34,115,220,61,164,204,210,58,33,149,172
6,177,218,236,206,29,33,44,233,233,118,173,234,158,51,166,189,143,218,236,255,56,34,106,231,72,126,179,189,59,39,149,156
6,200,196,224,181,47,32,38,236,235,112,168,211,111,50,134,187,162,197,224,255,70,33,103,237,62,129,181,194,40,41,131,154
6,140,227,240,208,14,32,56,223,225,131,183,226,137,55,165,191,117,228,241,255,49,33,116,218,57,127,180,170,76,27,146,151
6,169,241,248,199,27,31,49,235,224,136,186,245,110,48,142,192,132,232,243,255,71,30,129,228,53,156,199,240,65,35,157,165
6,147,221,237,177,13,28,44,224,213,128,180,230,118,56,168,182,137,205,228,255,71,33,113,223,49,141,189,198,32,39,149,156
6,200,185,217,177,52,29,46,234,224,114,170,210,141,51,158,181,155,201,226,255,62,34,87,234,68,142,190,219,63,37,141,164
6,216,229,242,231,43,35,40,247,244,156,199,243,128,51,164,214,167,180,214,255,77,35,95,235,77,135,185,179,83,29,141,163
6,146,172,209,175,38,35,44,215,231,106,164,175,121,36,113,181,134,173,210,251,84,34,106,210,49,134,184,162,52,33,142,152
6,208,169,207,182,68,33,36,233,230,101,161,186,137,36,115,178,152,187,218,253,77,34,97,227,64,181,214,195,34,38,130,182
6,209,207,229,190,57,29,34,241,230,124,177,201,132,39,136,190,139,217,235,254,45,34,93,229,66,193,222,208,58,29,146,188
6,164,171,208,176,20,34,47,220,220,102,161,184,118,42,124,172,140,197,224,254,66,34,109,222,55,130,182,177,60,32,145,152
6,193,203,227,224,21,39,45,235,230,140,189,229,134,47,156,199,135,219,236,255,60,37,93,226,56,149,195,179,68,30,142,163
6,204,222,238,232,33,36,45,242,238,140,188,220,136,46,157,203,157,194,222,255,69,35,101,233,67,146,193,169,44,38,133,165
6,156,248,251,248,36,35,60,232,226,152,197,235,127,50,166,202,124,197,224,255,78,32,120,212,58,185,217,198,6,38,136,182
6,177,168,206,185,28,37,48,224,227,121,175,195,107,43,133,187,140,190,220,255,76,35,99,220,60,127,180,171,42,40,139,152
6,190,199,225,221,19,38,44,233,223,148,194,208,95,42,132,198,133,214,233,255,80,31,108,224,57,151,196,179,36,37,139,164
6,147,238,246,242,22,39,70,228,216,143,190,226,125,55,170,191,136,207,230,255,55,35,111,223,60,130,182,187,65,35,151,154
6,182,179,213,182,19,37,35,227,235,71,134,162,146,37,114,165,157,178,213,255,51,39,88,227,76,156,199,196,60,35,149,174
6,174,210,231,194,32,33,39,230,237,127,179,211,142,48,153,196,148,202,227,255,96,31,110,229,64,107,165,169,68,41,140,142
6,193,207,229,236,42,35,48,236,231,115,171,222,131,49,145,186,136,218,236,248,61,32,92,227,69,173,210,189,62,29,142,180
6,218,205,229,225,22,36,32,243,231,141,189,233,136,51,158,199,152,218,236,255,60,33,93,237,65,150,195,192,47,37,137,167
6,148,208,230,197,37,34,62,222,217,121,175,219,127,50,152,181,110,194,222,254,56,33,131,202,55,216,234,235,15,35,139,195
6,220,195,223,230,43,36,35,242,247,115,171,221,116,49,129,197,163,202,227,255,53,35,91,239,66,134,184,183,56,34,139,158
6,234,181,215,193,39,34,34,244,235,113,169,214,126,44,129,188,155,199,225,255,50,39,97,233,59,207,230,205,34,33,133,192
6,193,189,219,201,35,32,32,232,216,106,164,186,124,43,133,172,128,232,243,255,0,38,83,227,51,198,224,207,39,33,143,186
6,210,237,246,220,27,31,40,246,228,149,195,226,125,42,142,202,142,223,238,255,60,32,101,232,57,191,220,252,22,37,143,184
6,212,187,218,193,36,37,36,238,224,138,187,195,105,39,118,194,136,220,237,255,44,36,100,227,53,177,212,207,53,32,147,176
6,153,175,211,180,36,34,48,217,212,104,163,182,107,48,125,169,121,199,225,252,60,34,109,211,61,171,209,180,43,30,150,176
6,213,214,234,201,39,33,34,243,243,128,180,198,126,39,134,201,136,220,237,254,44,33,92,227,61,192,221,198,52,30,149,186
6,184,182,215,205,30,36,46,228,239,108,165,193,124,44,123,188,150,178,213,255,66,36,96,222,65,143,190,186,65,33,147,162
6,154,193,222,222,19,40,61,221,227,162,203,231,99,45,150,208,114,192,221,255,67,33,120,204,45,138,187,187,64,39,152,153
6,154,210,231,227,27,40,68,224,218,171,208,232,100,50,155,207,119,179,213,255,104,33,135,202,71,152,197,195,56,33,150,170
6,171,180,214,243,75,40,69,224,215,146,193,235,76,52,125,193,111,228,241,255,43,34,112,215,48,147,193,168,24,35,135,159
6,180,245,250,201,24,32,51,239,241,255,255,255,13,47,140,255,114,185,217,255,70,35,113,201,23,138,187,162,37,47,123,148
6,234,195,223,222,29,39,52,246,220,177,212,247,83,48,136,211,137,206,229,255,75,33,115,223,51,214,233,222,16,37,128,193
6,171,228,241,220,33,34,60,233,225,170,208,240,110,48,163,210,115,210,232,250,46,35,118,211,50,178,213,232,28,40,139,176
6,226,198,224,253,39,38,57,244,242,162,203,244,110,43,132,216,155,187,218,255,63,38,89,229,77,139,188,208,51,37,142,166
6,164,214,234,223,26,36,56,228,226,131,183,234,122,52,149,192,124,230,242,255,52,35,108,223,47,141,190,181,51,35,139,155
6,167,205,229,197,38,35,48,227,213,115,171,197,121,45,148,175,134,193,222,253,64,34,97,217,65,193,222,216,52,31,148,188
6,218,224,239,199,17,32,40,246,238,143,190,216,128,38,142,204,144,217,235,255,59,35,89,231,76,176,212,177,49,31,139,184
6,196,187,218,175,16,34,31,233,226,104,162,214,139,50,155,177,156,180,214,255,62,37,89,228,72,171,209,208,45,34,142,180
6,173,171,208,185,45,36,46,223,217,109,166,183,126,38,129,174,114,206,229,255,38,39,101,208,60,206,229,205,53,29,152,192
6,187,218,236,233,29,36,59,236,228,131,183,234,137,46,149,192,134,250,252,255,33,35,92,236,52,127,180,175,90,29,154,149
6,249,159,201,200,51,42,31,244,238,158,201,228,133,45,151,212,142,215,234,255,36,37,90,230,57,164,204,177,29,42,131,171
6,117,230,242,226,47,35,68,217,207,144,191,236,123,55,164,187,112,231,243,255,38,37,121,216,44,112,168,131,63,33,145,137
6,186,185,217,207,46,36,45,229,226,138,187,204,110,47,138,195,131,199,225,255,35,39,89,217,67,156,199,187,54,34,146,171
6,177,220,237,227,27,36,56,233,230,151,196,227,108,47,152,204,136,204,228,255,56,34,105,222,36,152,197,157,12,43,131,159
6,173,152,197,224,16,46,50,219,209,144,191,227,118,45,156,188,114,188,219,255,59,38,105,202,63,172,209,191,17,42,129,177
6,194,188,219,230,39,37,36,233,226,132,183,221,127,47,144,192,141,185,217,255,61,38,85,219,72,173,209,167,50,27,142,180
6,112,220,237,226,18,35,63,214,205,122,176,238,137,54,170,175,117,186,218,255,77,32,122,203,64,164,204,221,34,40,148,173
6,172,178,213,199,22,40,46,224,220,119,174,210,114,43,131,181,128,192,221,255,37,39,96,213,66,172,209,215,50,34,151,178
6,204,230,242,205,20,30,39,243,237,125,178,227,146,50,164,195,146,223,238,252,62,32,93,234,61,175,211,213,61,30,149,178
6,162,201,226,214,16,36,45,225,219,138,188,231,129,58,166,191,125,208,230,255,38,38,100,216,57,147,193,199,48,33,140,162
6,182,211,232,216,47,33,52,233,223,154,198,229,122,48,160,202,126,223,238,255,38,33,106,222,63,145,192,192,56,34,136,163
6,212,193,221,215,26,39,38,239,222,161,203,239,103,48,155,204,127,228,241,255,41,36,91,224,57,169,207,195,41,37,131,173
6,162,161,202,222,20,43,49,217,218,142,190,234,134,53,163,193,113,208,230,255,66,36,121,209,57,123,177,157,23,51,117,148
6,156,194,222,240,37,45,75,222,218,130,182,233,124,63,172,186,125,210,231,255,50,36,106,217,59,133,184,160,25,45,124,155
6,179,245,250,234,27,37,62,238,246,183,216,239,131,36,153,228,136,193,221,251,51,36,110,218,49,135,185,199,58,38,149,153
6,165,208,230,217,27,36,43,227,221,144,191,215,107,42,133,195,115,201,226,251,53,33,101,207,50,195,223,205,34,31,155,184
6,239,171,208,200,38,39,30,243,224,147,194,222,87,46,134,199,148,197,224,255,65,36,85,228,50,204,228,189,34,29,143,188
6,143,226,240,240,67,38,64,224,212,145,192,233,128,49,165,190,117,244,249,253,61,31,115,224,25,124,177,153,17,47,133,140
6,179,157,200,226,29,49,63,222,215,152,196,233,121,52,156,195,125,199,225,255,61,38,98,213,52,133,184,158,13,55,120,152
6,183,206,229,240,24,40,53,232,224,139,188,239,127,52,164,195,125,218,236,255,37,41,92,220,35,182,215,215,35,35,144,174
6,214,159,201,214,19,41,38,234,227,120,174,225,97,55,118,186,150,182,215,255,56,38,95,224,65,176,211,204,34,36,136,180
6,168,198,225,230,22,40,50,226,215,168,206,236,111,51,163,203,125,195,223,255,55,38,101,211,53,148,194,189,49,44,146,161
6,202,202,227,224,43,37,60,238,227,176,211,235,121,46,161,214,127,225,240,255,56,36,100,223,55,141,189,161,38,35,132,158
6,243,190,220,225,44,37,36,248,222,140,189,237,131,50,154,194,141,239,247,255,36,38,84,237,37,217,235,217,43,32,148,192
6,140,199,225,243,42,44,72,218,215,161,202,242,108,51,162,200,112,212,232,255,71,36,125,210,45,111,167,161,44,50,126,137
6,171,189,219,226,43,39,56,226,221,132,184,246,124,54,155,189,124,202,227,255,61,34,107,213,64,164,204,163,60,29,142,173
6,183,225,240,234,50,37,53,236,225,168,207,247,132,45,162,209,130,213,233,254,38,36,95,221,51,156,199,169,55,29,146,165
6,204,213,233,220,50,33,42,240,233,122,176,228,108,62,157,191,160,209,231,255,62,34,105,239,55,143,190,165,49,34,133,159
6,168,198,224,211,40,35,50,226,226,149,195,227,113,50,149,200,115,205,228,255,51,35,115,209,49,166,206,177,28,41,133,169
6,223,190,220,209,57,35,38,242,217,83,146,199,143,50,146,159,159,231,243,255,46,36,86,246,66,189,219,198,63,31,139,186
6,197,163,203,185,40,39,40,229,220,132,183,222,112,47,141,188,134,208,230,255,47,37,89,222,57,151,196,197,50,38,139,164
6,162,157,200,205,28,42,47,216,211,141,189,224,125,46,149,188,125,179,213,255,56,38,97,206,66,135,185,191,61,37,144,159
6,184,188,219,208,19,38,41,229,242,162,203,230,110,44,144,216,134,186,218,255,77,35,104,215,56,115,171,170,30,55,118,143
6,197,164,204,187,13,39,36,229,231,135,185,207,118,41,134,196,153,174,210,255,66,37,101,223,59,127,180,156,34,44,126,152
6,219,191,221,191,30,34,31,241,235,134,185,214,107,44,125,199,133,222,238,253,29,37,80,226,42,199,225,188,44,29,149,184
6,195,137,186,173,39,41,39,223,225,113,169,207,113,47,133,181,134,196,223,255,61,35,105,218,65,145,192,157,40,41,123,164
6,188,153,198,178,24,40,29,224,228,121,175,205,132,46,146,187,134,193,222,255,67,36,99,217,68,138,187,172,52,40,130,161
6,148,180,214,215,26,41,71,217,191,114,170,205,88,46,140,162,136,196,224,255,77,34,123,219,67,139,188,172,42,43,126,161
6,160,234,244,230,17,39,57,230,235,183,216,241,114,47,159,221,132,188,219,255,71,37,116,213,54,117,172,136,74,32,135,143
6,207,246,250,216,37,29,37,247,244,145,192,244,107,51,147,209,153,198,225,253,59,34,101,231,61,178,213,195,54,30,147,179
6,190,225,239,187,5,33,30,238,227,140,189,233,122,40,138,196,138,201,226,253,54,35,92,222,51,197,224,219,33,33,147,186
6,179,190,220,212,14,35,42,228,216,161,202,214,113,47,162,200,142,185,217,255,75,35,108,219,74,119,173,190,51,41,136,153
6,133,227,241,242,25,38,66,221,211,142,190,242,139,58,177,189,115,229,242,255,75,30,129,217,62,119,173,206,55,42,146,148
6,142,215,234,205,14,34,53,222,222,129,181,215,131,52,167,188,126,196,223,255,77,32,122,213,65,142,190,189,55,35,147,162
6,237,195,223,214,39,34,37,247,246,131,183,229,140,54,157,204,157,189,220,255,75,32,102,231,86,172,209,192,38,37,132,186
6,187,203,227,195,17,34,37,233,224,114,170,197,122,40,143,182,129,200,226,251,69,31,108,216,74,209,231,197,38,32,143,199
6,183,217,235,243,31,34,51,235,220,143,191,240,142,45,159,194,143,216,234,255,75,31,102,230,66,131,183,159,57,34,133,157
6,131,204,228,200,30,35,55,216,228,139,188,221,101,52,147,197,107,223,238,255,77,30,139,211,60,96,156,162,74,37,145,133
6,216,198,225,200,23,34,39,241,239,164,204,243,109,47,135,215,142,231,243,255,48,33,90,235,71,100,160,169,64,35,142,141
6,132,155,198,196,70,41,68,207,225,80,142,201,141,57,152,163,143,163,203,247,97,35,113,213,75,95,155,200,85,38,156,140
6,92,15,62,69,231,6,50,0,255,2,22,94,251,4,118,34,187,12,55,148,231,4,119,27,0,10,50,11,127,4,144,0
3,57,78,140,161,74,50,72,166,150,23,76,146,152,125,207,67,180,57,120,219,168,41,146,203,88,43,105,179,143,79,219,113
3,57,72,135,127,41,47,29,165,122,17,65,121,142,121,196,45,196,63,127,207,157,34,95,218,45,22,75,109,125,56,187,64
3,64,64,128,115,47,48,42,165,121,18,68,95,143,53,118,47,196,59,122,216,155,41,119,217,50,25,79,112,128,61,189,70
3,92,67,131,125,58,47,44,176,127,29,85,107,122,72,109,63,205,63,126,225,163,38,118,226,48,27,83,140,142,96,227,71
3,90,52,115,115,138,40,55,171,123,15,63,79,131,67,116,43,201,40,101,211,197,36,139,214,60,65,128,225,128,113,238,112
3,59,41,102,96,133,42,46,158,121,10,51,69,162,53,151,32,196,37,97,199,197,36,134,209,60,27,82,122,146,73,216,78
3,50,67,131,119,84,44,53,161,125,17,65,91,143,80,164,46,193,54,117,217,177,39,134,213,53,23,76,96,130,54,181,69
3,53,73,136,136,80,54,77,164,126,17,65,91,154,63,160,46,190,64,127,239,123,58,128,213,45,37,97,160,124,103,235,80
3,44,42,103,106,128,49,62,153,125,14,59,88,151,75,162,41,188,35,95,206,186,43,155,202,65,22,74,124,147,63,198,77
3,54,41,102,130,153,58,81,156,117,18,67,98,145,65,164,44,192,33,92,226,200,50,163,205,60,27,83,124,140,58,194,79
3,59,64,128,132,127,54,97,164,129,23,77,116,138,91,197,57,195,49,112,229,186,49,187,212,54,27,83,130,118,66,186,75
3,63,44,105,116,126,50,58,161,121,11,53,71,156,50,133,34,205,36,96,194,192,36,127,216,37,18,67,120,138,111,230,53
3,88,66,130,129,126,42,71,174,122,29,85,122,152,86,184,62,204,50,113,231,186,44,166,221,64,34,92,129,128,53,176,88
3,21,36,95,108,153,67,102,144,117,12,55,71,147,56,110,34,182,28,84,201,206,55,191,193,55,23,76,104,134,40,167,70
3,60,44,106,110,108,48,56,159,136,18,67,106,159,66,161,53,194,34,93,208,185,46,148,206,56,32,89,174,145,101,229,80
3,25,43,104,101,82,50,34,147,126,17,67,104,162,85,193,48,178,37,97,194,173,40,115,194,52,30,87,117,137,56,196,76
3,56,55,118,115,151,46,91,161,125,29,85,98,121,61,119,63,190,47,109,214,198,46,189,207,64,21,73,139,155,79,210,75
3,43,43,105,130,126,67,110,154,119,21,73,95,133,62,153,50,184,35,94,213,195,62,213,198,67,30,87,133,135,55,186,87
3,53,50,112,151,113,64,88,158,118,16,64,86,150,52,151,42,194,37,97,219,190,42,161,208,53,30,87,155,128,91,212,77
3,75,43,104,116,131,49,59,164,121,20,70,120,143,103,194,49,205,32,91,217,198,46,152,215,44,29,86,149,125,90,214,71
3,57,37,97,95,144,45,71,157,112,14,59,67,146,47,121,36,197,31,89,193,186,42,148,208,62,21,73,134,147,73,204,74
3,81,53,116,117,165,41,79,168,122,12,56,81,154,58,123,37,208,47,109,217,207,35,159,223,60,17,65,124,152,66,193,68
3,23,46,108,98,18,66,45,147,118,25,80,110,122,76,157,56,175,31,89,190,142,67,101,189,64,35,93,160,141,70,208,88
3,54,42,103,115,100,57,75,157,126,15,62,98,152,64,161,44,194,38,98,214,185,44,143,207,58,20,72,98,125,45,172,70
3,34,54,117,111,134,40,68,153,108,15,62,69,138,55,99,38,185,46,108,208,190,33,146,203,64,19,70,84,145,32,146,74
3,64,70,134,116,91,43,58,167,110,16,65,87,147,52,140,40,193,61,125,219,173,38,149,215,69,32,90,124,121,54,163,90
3,55,34,93,93,133,49,60,155,118,12,55,99,159,87,179,35,202,27,83,190,198,43,135,211,30,17,65,112,129,92,205,48
3,39,40,100,122,122,40,62,97,88,13,57,61,142,30,130,19,190,29,86,217,197,36,137,141,40,39,100,122,114,30,162,58
4,21,124,177,166,66,49,86,166,127,36,96,135,103,95,164,73,168,84,146,235,158,41,164,203,90,33,91,185,151,89,222,106
4,52,97,157,143,58,47,54,169,124,41,102,127,132,61,160,77,180,67,131,225,154,39,130,207,84,35,94,177,131,79,201,103
4,83,97,157,157,85,44,66,179,124,42,104,122,124,51,145,79,189,68,131,232,168,40,156,214,86,55,118,176,94,60,177,120
4,59,43,104,130,130,71,78,159,124,36,96,89,80,76,61,72,189,36,96,224,193,58,162,203,38,36,95,116,108,44,151,76
4,23,122,176,165,33,49,80,166,118,35,95,118,125,61,161,69,166,85,147,238,155,41,162,202,89,43,104,190,130,75,200,114
4,46,89,150,146,66,49,73,165,116,32,90,92,115,50,132,64,183,62,126,232,168,43,153,207,83,30,87,147,126,61,190,98
4,38,99,158,164,52,53,75,165,126,37,97,127,105,71,142,73,179,74,137,253,158,42,144,208,70,26,82,159,116,88,181,85
4,83,61,124,159,159,73,123,171,120,31,89,114,120,57,125,65,195,47,109,235,207,55,214,212,64,54,117,152,124,44,175,105
4,32,117,172,197,64,52,86,167,122,26,81,108,118,77,163,58,169,80,142,238,156,39,162,202,98,51,113,243,135,97,216,126
4,20,117,172,162,15,46,49,164,125,57,120,179,95,108,190,94,157,73,136,232,143,39,109,190,91,46,108,167,119,54,190,118
4,47,77,140,171,120,81,115,163,120,48,111,151,104,74,144,83,174,51,114,223,184,48,164,195,69,54,117,172,112,64,181,108
4,60,83,145,162,95,61,91,169,123,28,85,134,134,88,171,62,190,65,129,230,180,42,154,214,66,33,91,178,116,84,183,88
4,39,110,167,156,28,47,62,168,131,38,98,133,132,55,156,76,174,78,141,229,150,40,142,205,86,34,93,177,135,69,196,104
4,20,136,186,181,31,52,86,168,120,43,104,121,116,61,144,78,159,93,154,251,139,44,156,199,95,52,115,234,156,105,231,125
4,65,55,118,141,104,70,88,164,139,26,82,118,141,58,138,66,192,41,103,232,180,59,171,207,69,29,86,121,123,47,154,88
4,23,67,131,176,81,88,119,153,136,23,77,101,111,74,99,60,167,52,115,235,157,65,204,190,89,30,87,182,142,77,198,103
4,38,73,136,129,79,49,62,159,134,20,71,99,138,67,159,55,176,53,116,222,173,48,151,198,92,32,90,172,145,86,211,108
4,79,101,160,134,71,39,60,178,122,14,59,86,161,67,171,40,190,72,135,238,170,36,149,216,121,38,98,205,143,64,179,137
4,88,76,139,137,91,42,52,176,128,37,97,96,128,40,135,74,197,66,129,226,177,33,131,220,63,38,98,146,125,46,169,91
4,0,59,122,165,70,85,98,143,127,24,78,135,127,109,170,57,166,42,103,239,158,66,164,185,66,24,79,155,148,94,214,80
4,59,68,131,155,87,62,83,165,154,34,93,124,134,56,160,82,180,50,112,232,177,54,179,200,85,30,87,164,130,69,193,100
4,27,107,165,193,27,64,95,163,131,33,91,168,150,151,232,70,169,69,133,233,148,50,169,198,92,39,99,140,112,54,173,113
4,74,71,134,137,79,50,66,170,135,42,104,115,111,46,129,82,191,57,121,228,171,45,146,212,56,35,94,173,126,87,206,84
4,43,39,99,130,149,73,108,152,130,21,73,96,105,86,86,55,184,32,91,201,197,49,187,197,71,22,74,97,142,39,166,82
4,72,137,187,172,28,43,43,184,143,44,106,136,105,69,136,87,179,92,153,227,144,36,104,215,107,49,111,230,155,81,216,132
4,38,117,173,179,42,45,67,170,129,49,111,165,85,97,142,87,171,81,143,233,156,34,133,204,89,34,92,186,146,83,212,106
4,87,88,150,152,62,46,44,179,148,29,85,114,114,70,105,73,202,62,126,217,165,38,92,223,49,46,108,220,102,123,216,90
4,44,46,108,77,155,7,46,26,171,53,116,128,159,8,127,40,147,18,68,145,211,10,134,42,77,107,165,138,89,7,144,62
3,61,30,88,91,108,61,27,156,154,12,55,102,178,69,177,56,199,22,75,181,182,52,80,206,45,21,72,129,136,101,224,61
3,49,48,111,122,145,49,74,157,135,17,67,95,154,60,144,52,186,40,101,210,197,39,165,202,67,29,86,137,127,58,186,86
3,68,29,85,107,145,65,93,158,139,6,39,71,174,56,121,35,203,26,81,210,204,56,181,211,46,24,78,139,139,97,226,67
3,14,47,109,148,72,84,102,145,142,13,57,88,168,50,134,49,171,40,101,228,152,63,176,189,63,27,83,130,138,65,202,81
3,62,40,100,119,154,46,78,159,134,18,67,108,140,86,171,52,201,27,83,184,208,33,139,210,26,27,82,139,104,93,198,60
3,54,42,104,155,154,83,113,157,151,18,67,135,155,115,190,62,187,35,95,206,194,43,159,201,70,25,79,119,153,61,205,84
3,36,46,108,96,109,47,53,152,135,20,71,87,142,48,124,56,181,39,100,199,185,41,152,197,60,25,79,138,149,66,203,76
3,52,59,122,109,47,47,27,160,136,17,66,95,151,63,160,52,187,43,105,206,161,41,98,203,73,36,95,157,120,79,208,96
3,98,76,139,157,65,52,65,179,142,22,74,98,152,56,175,61,217,51,114,212,169,36,116,232,26,30,87,151,105,152,238,64
3,74,48,110,98,110,39,48,165,145,24,77,95,113,69,98,65,185,35,95,183,181,34,124,199,84,56,119,202,134,78,212,120
3,63,54,116,132,138,57,82,163,130,21,73,120,150,76,167,55,194,42,104,228,195,55,179,209,63,30,87,132,134,59,194,84
3,27,67,130,145,147,65,119,154,145,20,71,116,159,79,181,61,174,49,112,240,196,72,243,195,69,32,90,135,150,62,203,89
3,56,65,128,166,58,71,66,163,129,12,55,95,170,96,207,40,200,46,109,238,163,51,114,216,37,31,88,149,122,89,213,69
3,58,52,115,110,122,38,53,161,138,18,68,95,146,66,132,54,192,41,102,206,190,35,142,207,68,27,82,140,142,70,208,84
3,40,43,105,112,137,44,68,153,121,17,66,101,143,80,138,45,190,34,93,211,203,38,155,203,54,16,63,130,145,112,220,62
3,65,42,103,106,88,48,36,160,122,12,57,85,162,56,147,37,199,36,95,190,180,34,107,211,63,25,79,142,137,65,192,78
3,19,47,109,156,108,105,125,146,140,20,71,131,150,103,169,58,173,37,97,226,168,56,156,190,56,28,84,140,130,68,194,77
3,65,61,124,148,57,63,74,165,138,30,87,115,116,60,119,70,186,53,116,250,159,57,178,206,68,36,96,136,121,56,193,93
3,38,42,103,135,130,61,77,151,125,11,53,69,142,59,88,35,189,36,95,227,182,48,154,203,55,20,71,132,141,81,206,67
3,65,37,97,101,103,56,47,160,128,16,65,92,155,52,155,47,198,33,91,193,184,43,132,209,60,22,75,122,145,56,200,74
3,23,42,103,107,143,50,79,147,120,15,62,91,103,141,101,41,181,36,95,210,190,39,153,196,52,21,73,102,131,48,182,66
3,48,40,100,101,139,51,71,154,132,13,59,94,149,83,166,44,187,37,97,196,187,42,151,202,60,29,86,118,138,62,201,80
3,52,51,113,130,132,57,80,158,131,16,64,79,143,47,134,48,190,44,105,234,195,49,175,206,59,29,85,140,145,89,225,80
3,50,52,114,113,46,54,38,158,124,22,75,97,144,64,126,53,192,40,101,207,159,46,118,207,59,17,66,102,145,60,182,67
3,19,45,106,90,123,46,73,146,134,8,47,82,172,79,182,36,182,34,93,193,192,40,144,196,45,25,79,108,131,64,203,66
3,61,51,113,109,62,52,52,161,147,15,61,86,169,46,148,55,189,36,96,195,165,45,122,202,76,41,102,182,134,90,220,103
3,15,31,89,84,127,54,74,141,123,19,69,97,138,71,116,48,177,29,86,184,195,42,162,189,52,13,58,92,138,57,170,57
3,98,24,77,83,193,20,53,87,113,17,65,78,163,25,145,21,224,19,70,186,223,19,127,137,7,6,38,26,121,36,135,8
4,20,64,127,155,143,94,149,151,129,17,66,114,135,99,148,49,175,45,106,240,194,81,255,194,86,19,70,146,144,89,208,92
4,46,73,136,176,101,82,116,162,128,31,89,154,126,118,192,67,173,45,107,222,171,54,184,192,110,37,97,199,139,81,206,127
4,47,68,132,164,71,68,104,161,156,23,76,137,176,107,216,72,174,41,102,228,160,59,180,191,107,35,94,177,154,58,195,122
4,71,69,132,155,87,67,89,169,126,36,96,83,104,62,65,72,194,59,122,247,150,56,160,215,57,27,82,107,100,58,147,76
4,57,57,120,154,14,81,58,162,127,20,72,79,150,40,105,52,187,54,118,236,143,52,121,207,55,41,101,116,86,56,136,89
4,31,85,147,146,52,55,84,160,139,23,76,115,125,72,128,61,173,54,117,239,163,51,163,196,91,38,98,151,144,59,202,112
4,38,80,142,133,58,44,58,161,138,31,89,127,138,68,160,71,175,54,117,204,151,38,122,198,95,24,78,138,157,65,208,104
4,56,74,137,151,111,53,90,165,119,38,98,97,105,42,116,73,179,53,116,239,177,49,174,201,92,35,94,142,92,82,145,110
4,70,65,129,165,21,77,51,168,119,25,80,99,136,49,140,56,194,56,119,228,151,57,91,214,50,43,104,129,105,46,155,88
4,42,78,140,186,108,69,95,162,127,33,91,130,111,78,126,69,180,59,122,238,160,47,141,203,71,30,87,177,143,97,218,89
4,40,128,180,151,48,39,72,172,141,45,106,122,92,75,109,87,169,87,148,222,159,34,153,204,92,43,104,190,144,66,201,116
4,67,84,145,166,79,57,82,171,134,41,101,167,142,103,206,80,184,55,119,222,173,42,156,205,93,38,99,209,121,88,197,113
4,71,73,136,150,51,64,63,170,117,37,97,92,70,67,88,71,192,64,127,244,139,54,127,215,55,32,89,125,127,54,183,80
4,21,72,135,166,59,75,88,153,126,14,59,93,141,68,135,42,175,57,120,247,145,59,148,199,74,26,81,189,136,128,220,88
4,40,153,197,183,33,42,71,178,131,72,135,167,40,97,155,108,163,95,155,235,126,37,128,203,95,49,112,173,149,58,204,123
4,31,136,186,169,33,48,79,172,127,44,105,102,97,48,112,81,163,88,150,239,151,40,157,200,89,67,130,211,131,61,194,130
4,92,72,135,174,40,63,43,176,114,49,112,116,67,63,94,83,197,56,120,252,140,59,87,216,39,57,120,152,104,46,171,95
4,46,94,154,152,27,54,64,166,125,44,105,110,127,44,144,80,176,64,127,225,153,41,131,202,83,40,100,175,143,66,203,106
4,27,136,186,173,38,50,80,170,136,48,111,177,147,133,240,88,167,84,146,231,157,35,145,202,90,43,104,192,133,82,210,115
4,44,95,155,152,70,49,77,166,142,41,102,119,116,54,125,83,170,68,132,239,158,45,161,199,87,44,105,187,86,81,164,112
4,72,98,158,187,34,57,70,176,120,51,114,121,108,55,145,87,186,78,141,250,129,48,134,215,46,50,113,176,85,64,152,93
4,59,145,192,158,21,41,68,182,114,42,103,126,66,97,101,76,182,97,157,232,138,35,127,218,97,47,109,166,155,50,200,122
4,20,142,190,192,55,50,81,170,114,50,113,178,62,148,167,85,163,88,150,242,146,39,138,200,86,52,115,185,95,67,185,118
4,72,67,130,126,78,53,36,169,119,42,103,109,103,49,134,77,192,57,120,224,166,44,101,213,38,36,95,137,86,76,152,75
4,36,108,166,149,28,53,65,167,113,40,100,101,47,101,61,73,172,86,148,246,139,43,120,206,83,30,87,168,149,71,200,98
4,59,147,193,194,22,48,80,182,121,68,132,164,91,69,143,103,175,101,161,238,130,39,147,214,89,38,97,185,138,74,207,110
4,23,87,148,140,67,51,84,158,123,28,84,136,138,95,181,61,171,57,120,235,167,43,162,195,95,29,85,177,156,69,200,108
4,108,35,94,112,181,30,60,114,159,32,91,117,109,49,105,60,196,36,96,207,195,26,131,147,47,70,133,140,99,19,155,81
3,77,51,114,106,78,47,35,167,79,16,63,66,122,56,114,39,198,44,106,206,176,37,123,213,73,40,101,145,149,55,201,100
3,17,59,122,128,117,52,87,149,84,20,71,76,132,46,128,45,171,45,107,220,190,43,172,191,67,41,102,171,135,68,205,96
3,72,70,134,135,58,51,52,169,90,23,77,99,134,66,164,50,197,55,118,237,165,50,154,216,68,38,97,158,132,62,199,94
3,26,45,107,124,57,69,63,148,74,25,80,92,110,73,164,54,179,38,98,221,153,58,122,194,40,30,87,147,129,83,213,70
3,86,33,91,113,136,63,82,166,85,16,63,75,112,78,130,37,208,27,83,197,200,41,140,216,63,30,88,139,119,68,195,84
3,38,68,131,117,67,41,45,158,99,19,69,78,131,63,140,42,178,53,116,195,169,33,116,200,79,41,102,174,132,71,203,105
3,25,64,127,94,15,55,32,153,88,21,74,83,125,51,129,47,171,48,111,195,146,52,111,192,78,45,106,151,135,52,195,107
3,67,56,119,110,92,46,33,165,75,26,82,99,125,62,153,56,195,40,100,213,179,42,92,209,60,41,102,175,139,96,228,92
3,76,36,96,98,115,50,45,163,80,11,54,53,139,48,125,30,207,30,88,195,184,44,103,216,38,33,92,115,62,97,110,72
3,59,60,123,132,105,48,59,163,88,17,65,73,138,55,155,39,193,48,111,217,182,39,139,211,73,28,85,137,147,56,200,89
3,27,32,90,100,140,51,64,145,88,11,53,57,127,64,101,28,181,29,86,196,197,41,164,193,71,23,76,110,144,52,195,83
3,36,49,111,91,68,47,39,153,91,14,60,82,128,73,135,34,184,39,99,190,172,38,118,199,73,28,85,152,151,60,198,89
3,48,31,89,119,138,66,66,152,88,14,59,73,121,76,119,33,195,27,82,213,194,49,132,205,44,21,73,99,140,57,197,62
3,73,52,114,136,111,51,70,166,86,12,55,72,138,60,142,30,206,38,98,210,185,36,126,218,65,24,78,169,149,127,243,80
3,57,68,131,125,58,47,33,164,88,17,66,83,130,64,166,40,192,55,118,220,166,39,122,212,73,28,84,136,147,56,198,89
3,18,43,104,99,111,45,69,145,85,18,68,70,129,54,142,42,171,32,91,202,178,50,164,186,69,43,105,146,133,52,194,99
3,52,45,106,141,127,70,92,157,85,10,50,48,139,46,103,25,201,34,92,228,196,54,170,212,43,18,68,105,136,79,208,57
3,61,35,94,117,123,64,79,157,84,14,60,64,107,83,86,35,199,28,85,194,196,41,136,209,59,22,74,126,132,90,209,72
3,56,48,110,93,107,42,56,159,80,14,59,66,129,56,132,34,192,44,106,193,168,36,130,209,67,26,82,122,143,50,184,83
3,19,50,112,128,45,63,50,147,88,16,64,72,125,55,122,38,176,42,103,220,153,53,133,194,66,26,81,112,146,46,186,82
3,50,60,124,138,100,60,95,160,85,11,53,80,133,91,140,28,196,47,110,222,186,48,180,213,59,23,76,115,143,64,202,74
3,59,47,110,125,82,55,56,160,79,17,66,69,127,52,136,41,203,37,97,224,177,48,128,215,35,16,63,85,134,46,174,49
3,60,59,122,127,86,50,61,163,89,20,71,69,107,55,123,45,192,44,106,226,177,45,140,208,71,37,96,167,136,76,209,95
3,66,58,121,109,57,46,48,165,92,19,70,71,134,44,123,43,197,48,110,213,167,38,142,214,72,25,79,123,144,49,185,85
3,25,44,105,110,102,56,75,147,90,23,76,116,119,106,164,49,175,32,90,194,184,51,168,189,68,37,96,187,137,82,210,93
3,72,40,100,139,81,82,75,162,85,18,68,69,120,55,118,42,202,35,95,224,177,52,142,214,45,30,87,115,133,58,200,73
3,62,53,116,97,85,43,41,162,85,22,75,69,114,44,122,48,197,43,105,198,178,38,127,212,57,25,80,152,139,93,213,75
3,73,45,107,104,143,43,65,164,90,23,77,74,104,52,105,49,191,36,96,203,186,42,155,205,82,46,108,210,128,82,204,111
3,21,44,106,132,95,67,84,146,92,20,71,90,133,83,183,44,175,33,92,235,175,72,185,189,69,34,92,140,138,55,200,91
3,77,16,64,64,176,31,24,102,54,13,58,42,112,32,112,30,193,23,76,167,193,26,84,142,58,54,116,126,113,24,161,75
4,54,74,137,123,84,44,60,165,47,44,106,49,38,68,48,87,183,52,115,214,152,46,104,204,75,19,70,132,147,72,199,83
4,50,93,153,151,62,48,72,168,54,58,121,76,0,88,49,97,175,56,120,250,164,53,157,198,82,38,98,135,126,46,184,105
4,34,73,136,138,88,54,87,158,60,32,90,81,76,64,101,68,172,50,113,214,168,44,154,194,88,33,91,154,140,58,189,105
4,67,82,144,186,44,73,85,170,39,54,117,60,36,68,58,99,188,53,116,237,153,53,122,208,26,45,106,182,90,96,189,80
4,47,64,127,114,72,45,67,160,50,34,93,77,95,49,131,74,178,41,102,217,168,48,157,195,81,38,98,180,113,71,185,104
4,32,88,149,149,74,49,75,160,60,29,85,82,94,53,103,64,175,65,129,228,164,43,152,202,76,31,89,151,107,64,168,94
4,35,81,144,142,71,56,97,160,58,18,68,49,103,67,72,51,183,59,123,235,169,48,185,206,76,23,76,145,145,74,200,87
4,81,79,142,215,20,105,106,175,30,45,107,58,24,64,79,96,194,55,118,249,134,71,133,214,37,41,102,135,99,55,158,80
4,36,96,156,171,22,63,73,164,45,41,102,94,58,73,118,84,174,67,131,231,141,49,129,201,79,26,81,187,147,125,233,92
4,40,89,151,158,58,53,87,164,56,25,80,57,82,56,96,61,179,59,122,231,166,46,174,202,85,42,103,189,127,74,199,109
4,26,61,125,121,93,52,84,152,60,24,78,73,106,53,140,58,170,38,98,201,179,43,159,187,90,41,102,187,144,80,210,113
4,73,61,124,161,65,73,76,168,49,51,114,94,58,52,105,92,192,40,101,230,161,64,136,207,40,37,97,146,112,65,187,77
4,71,59,123,150,133,63,87,167,42,38,98,55,77,40,94,83,192,38,98,220,194,53,166,206,57,38,98,148,129,67,196,87
4,11,86,147,176,56,69,97,154,77,35,94,70,86,51,86,67,168,62,125,243,165,54,181,194,69,28,84,133,133,57,180,86
4,46,94,154,171,91,55,91,166,63,41,101,84,48,84,85,77,176,58,122,255,173,50,172,199,92,42,103,174,139,52,177,115
4,72,118,174,172,48,48,71,180,42,41,102,65,77,41,89,85,193,88,150,250,159,38,135,224,42,41,102,165,111,81,201,83
4,27,79,141,155,52,64,81,157,57,27,83,85,94,59,115,63,169,51,114,233,163,55,165,191,78,52,115,182,52,108,136,112
4,33,99,158,135,72,45,69,164,65,44,105,103,81,48,117,80,169,68,131,228,167,41,157,197,87,40,100,146,117,53,166,110
4,57,80,142,156,58,58,57,167,73,42,103,105,83,57,131,76,185,54,117,236,163,57,142,206,82,32,89,139,139,47,183,99
4,65,79,141,156,81,57,72,169,54,37,96,61,77,43,92,76,185,54,117,240,166,50,142,206,54,65,128,159,99,43,167,108
4,38,104,162,156,37,50,67,167,64,31,89,58,52,74,56,66,178,76,139,228,142,43,132,208,77,32,90,136,132,52,183,96
4,42,94,154,157,72,46,72,165,75,51,114,93,67,58,77,85,170,73,136,241,135,42,129,200,74,41,102,162,83,81,146,101
4,83,68,131,131,94,44,44,172,53,42,103,79,61,53,105,82,189,53,116,207,165,40,111,209,61,55,118,154,84,57,143,104
4,28,42,103,140,145,88,130,149,69,28,84,64,81,62,77,59,177,31,90,228,197,74,230,191,60,32,90,126,120,47,159,84
4,44,127,180,147,17,43,69,173,69,69,132,141,48,81,134,103,172,88,150,242,140,38,144,207,76,30,87,137,148,53,197,93
4,42,90,152,135,51,39,58,164,82,30,87,97,93,69,131,59,180,61,124,226,164,35,130,204,91,30,87,148,148,57,195,105
4,45,68,131,139,81,55,84,160,75,18,67,59,96,62,81,43,190,54,117,223,171,47,157,209,59,28,84,116,128,55,192,78
4,255,71,134,150,208,9,50,53,0,21,73,21,104,5,125,29,255,81,144,246,214,6,120,87,96,55,118,124,126,7,148,48
1,16,0,0,2,248,0,42,133,228,0,1,74,253,0,121,111,0,0,2,2,173,0,111,16,253,0,1,135,253,0,146,252
1,15,0,0,1,249,0,42,133,229,0,1,74,253,0,121,111,2,0,2,2,172,0,103,18,251,0,0,132,253,0,146,251
1,15,0,2,4,241,0,40,132,225,0,2,73,248,0,117,108,1,0,3,3,168,3,85,17,253,0,1,139,253,0,149,253
1,15,0,0,0,249,0,42,133,224,0,0,71,252,0,121,106,1,0,0,0,175,0,110,17,254,0,0,134,255,0,146,254
1,15,0,0,0,250,0,42,132,223,0,0,70,252,0,121,105,1,0,0,0,175,0,110,17,254,0,0,134,255,0,146,254
1,15,0,0,0,249,0,42,133,223,0,0,70,251,0,121,105,1,0,0,0,175,0,110,17,255,0,0,134,255,0,146,255
1,12,0,0,0,248,0,42,132,222,0,0,70,251,0,121,105,1,0,0,0,175,0,110,17,253,0,0,133,254,0,146,253
1,12,0,0,0,249,0,42,132,222,0,0,70,251,0,121,104,1,0,0,0,175,0,110,17,253,0,0,133,254,0,146,253
1,19,5,36,61,135,249,25,135,228,8,46,136,218,167,255,117,5,4,32,59,141,164,245,26,247,7,41,156,185,255,0,249
1,13,0,2,2,247,0,43,132,227,0,4,76,250,1,125,109,3,0,2,6,174,0,110,19,250,0,1,135,252,0,147,250
1,12,0,4,7,235,4,39,132,230,0,5,77,248,2,118,112,2,0,4,5,169,2,97,18,249,0,2,137,250,0,149,248
1,11,0,0,1,247,0,42,131,229,0,1,74,253,0,121,111,1,0,0,2,175,0,111,17,249,0,0,131,252,0,146,249
1,11,0,0,0,248,0,42,131,229,0,0,73,255,0,121,111,1,0,0,0,175,0,110,17,250,0,0,131,253,0,146,249
1,11,0,0,0,246,0,42,131,229,0,2,74,252,0,120,111,2,0,2,4,172,0,109,18,248,0,0,131,251,0,146,248
1,13,0,1,3,247,0,43,132,229,0,5,77,249,2,122,112,3,0,3,4,173,0,111,19,249,0,1,132,251,0,146,249
1,11,0,0,0,247,0,42,131,230,0,1,74,253,0,121,112,2,0,0,2,174,0,110,18,249,0,0,131,252,0,146,248
1,11,0,0,0,248,0,42,131,228,0,1,73,254,0,121,110,2,0,0,2,174,0,110,18,249,0,0,131,253,0,146,249
1,11,0,1,0,244,0,41,131,229,0,2,75,251,0,120,111,2,0,1,2,174,0,110,18,249,0,0,133,252,0,146,249
1,12,0,0,0,248,0,42,132,229,0,0,73,254,0,121,111,1,0,0,3,174,0,111,17,249,0,0,131,252,0,146,249
1,11,0,0,0,247,0,42,131,229,0,0,73,254,0,121,111,2,0,0,1,175,0,110,18,249,0,0,131,252,0,146,249
1,11,0,0,1,247,0,42,131,227,0,1,73,253,0,121,110,3,0,1,2,175,0,110,19,250,0,0,132,252,0,146,249
1,11,0,1,2,248,0,42,131,228,0,2,74,251,0,120,110,2,0,0,2,175,0,110,18,250,0,1,132,251,0,146,249
1,11,0,0,0,248,0,42,131,227,0,1,73,253,0,121,110,2,0,0,2,175,0,110,18,250,0,0,132,253,0,146,250
1,11,0,0,0,247,0,42,131,227,0,0,73,253,0,121,109,1,0,0,2,174,0,110,17,250,0,0,132,252,0,146,250
1,12,0,4,7,241,2,47,132,228,0,5,78,245,6,110,110,2,0,3,7,173,1,119,18,250,0,2,134,250,0,146,250
1,11,0,4,6,233,5,34,131,229,0,2,75,253,0,121,111,2,0,3,8,170,3,110,18,249,0,3,139,246,2,145,249
1,12,0,1,2,245,0,42,132,229,0,3,78,250,1,123,111,2,0,1,2,174,0,110,18,249,0,1,135,251,0,147,249
1,13,0,0,1,247,0,42,132,230,0,1,75,255,0,121,113,2,0,0,2,175,0,110,18,249,0,0,132,252,0,146,248
1,12,0,0,1,247,0,42,132,230,0,1,74,255,0,121,112,3,0,1,2,174,0,109,19,248,0,0,132,251,0,146,248
1,11,0,1,1,245,0,42,131,231,0,2,76,253,0,121,113,3,0,2,3,173,0,109,19,247,0,1,132,251,0,146,247
1,11,0,1,1,245,0,42,131,228,0,2,74,253,0,122,110,2,0,1,4,173,0,110,18,250,0,1,133,251,0,146,249
1,11,0,0,0,248,0,42,131,227,0,0,72,253,0,121,109,3,0,0,2,175,0,110,19,250,0,0,132,252,0,146,249
1,12,0,0,0,248,0,42,132,226,0,0,72,253,0,121,109,3,0,0,2,176,0,110,19,250,0,0,132,253,0,146,250
1,13,0,4,4,237,1,39,132,230,0,4,76,251,1,123,112,1,0,3,2,169,1,98,17,249,0,3,134,250,0,146,249
1,12,0,1,2,244,0,42,132,228,0,2,73,250,0,118,110,2,0,1,2,173,0,110,18,250,0,1,134,252,0,147,249
1,12,0,1,1,244,0,41,132,227,0,1,73,253,0,121,109,3,0,0,2,175,0,110,19,250,0,1,132,251,0,146,249
1,11,0,4,6,235,3,38,131,227,0,2,74,251,0,121,109,2,0,2,5,172,0,111,18,250,0,4,137,249,1,146,250
1,12,0,1,1,246,0,41,132,226,0,2,73,251,0,120,108,2,0,1,2,173,0,109,18,251,0,1,132,252,0,146,250
1,11,0,0,0,248,0,42,131,225,0,0,72,252,0,121,108,2,0,0,1,174,0,110,18,251,0,0,132,253,0,146,251
1,11,0,2,2,239,0,38,131,225,0,1,73,251,0,121,108,2,0,3,7,170,1,106,18,251,0,1,132,249,0,144,250
1,12,0,0,0,247,0,42,132,228,0,1,73,252,0,121,110,2,0,0,2,174,0,110,18,250,0,0,134,252,0,147,250
1,11,0,3,4,240,0,39,81,228,0,3,75,252,0,122,80,2,0,4,5,169,2,98,0,250,0,3,137,250,0,147,189
2,33,0,2,7,251,0,41,139,50,0,11,11,164,19,147,23,198,0,2,106,253,0,109,198,26,0,4,0,160,1,148,9
2,32,0,1,6,254,0,42,139,47,0,6,5,163,3,116,24,197,0,1,106,254,0,110,196,34,0,6,7,162,2,142,18
2,32,0,3,9,250,1,44,139,45,0,5,5,163,2,124,26,197,0,3,108,252,0,114,197,32,0,3,3,163,0,147,15
2,33,0,1,6,255,0,42,139,41,0,2,0,164,0,120,30,197,0,1,105,254,0,110,196,30,0,3,0,162,0,145,12
2,33,0,1,6,254,0,42,139,46,0,3,3,167,0,122,25,197,0,1,105,254,0,109,197,34,0,4,3,164,0,146,17
2,31,0,2,6,251,0,41,138,44,0,4,4,162,1,118,27,197,0,1,105,252,0,108,196,32,0,3,1,163,0,146,14
2,32,0,2,8,253,0,43,139,46,0,2,3,167,0,121,25,197,0,2,107,254,0,112,196,33,0,4,5,164,0,147,16
2,34,0,7,11,235,15,16,140,45,0,13,12,159,29,145,28,198,0,6,111,246,9,84,197,33,0,11,12,159,14,153,17
2,33,0,2,7,254,0,43,139,45,0,6,4,156,15,79,27,197,0,2,105,254,0,111,197,33,0,4,3,160,2,137,16
2,34,0,8,17,238,21,43,139,40,0,11,8,156,22,136,32,197,0,7,115,247,11,115,196,29,0,9,7,157,10,143,13
2,34,0,4,9,252,1,47,139,41,0,5,3,160,3,116,30,197,0,3,108,253,0,116,196,34,0,6,5,162,2,141,17
2,32,0,3,9,253,0,46,139,42,0,8,7,161,9,132,30,196,0,3,108,252,0,115,196,32,0,7,5,161,3,142,16
2,32,0,1,6,254,0,42,139,44,0,2,0,166,0,120,28,196,0,1,105,254,0,110,196,36,0,1,2,166,0,146,18
2,32,0,1,6,254,0,42,139,44,0,7,6,161,5,129,28,197,0,1,105,254,0,110,196,34,0,6,5,164,1,146,17
2,33,0,14,35,220,191,114,139,40,0,7,4,161,4,127,31,196,0,13,137,238,189,247,196,33,0,11,9,152,30,122,18
2,32,2,24,47,195,173,95,139,80,5,37,46,160,48,160,15,193,1,20,138,225,131,128,193,63,3,30,59,164,42,175,53
2,30,2,25,41,208,123,86,139,62,1,20,30,160,59,156,15,195,2,22,131,230,90,53,195,44,4,34,57,158,60,206,37
2,31,0,4,8,245,2,36,138,54,0,7,10,167,5,133,18,196,0,3,107,250,1,103,196,45,0,7,11,164,5,131,29
2,32,0,3,8,252,0,42,139,50,0,5,5,166,2,114,21,197,0,2,107,253,0,110,196,43,0,4,8,168,0,145,26
2,31,0,1,6,254,0,42,138,52,0,3,4,168,0,118,20,196,0,0,105,253,0,110,195,49,0,3,11,169,0,144,32
2,31,0,2,7,252,0,42,138,55,0,9,15,167,18,157,18,196,0,2,106,253,0,110,195,47,0,5,15,169,1,152,31
2,30,0,3,8,252,0,46,138,59,0,9,15,165,18,129,13,195,0,3,106,252,0,114,195,54,0,8,19,170,3,142,39
2,30,0,7,12,245,7,49,138,51,0,11,9,159,21,93,22,195,0,6,111,248,5,112,195,45,0,11,14,162,10,134,30
2,38,0,13,20,235,38,45,141,62,5,35,42,144,64,167,24,194,0,15,119,240,42,120,194,52,13,58,53,128,35,123,57
2,30,0,5,9,237,8,25,138,46,0,9,6,159,12,100,26,195,0,5,108,246,6,84,195,39,0,8,14,162,7,149,23
2,34,0,7,13,248,9,59,140,45,1,18,14,150,49,120,30,198,0,7,114,249,8,124,197,26,0,14,5,150,29,119,11
2,34,0,7,12,246,7,46,139,40,0,12,7,155,20,122,32,197,0,7,112,250,5,120,197,25,0,8,3,159,5,155,8
2,33,0,12,27,224,103,78,139,52,0,10,10,160,19,103,21,199,0,11,128,240,85,142,198,28,0,11,7,155,20,118,13
2,32,0,2,8,252,0,43,139,56,0,9,10,163,17,94,17,199,0,2,108,254,0,111,198,32,0,6,5,162,2,142,15
2,32,0,3,9,250,0,44,139,63,0,12,16,166,18,110,11,198,0,3,109,251,0,109,198,34,0,14,16,159,22,158,20
2,32,0,3,8,249,0,41,139,81,1,18,28,173,32,131,0,201,0,3,109,252,0,105,200,20,0,9,2,155,8,155,4
2,40,1,19,43,241,255,255,142,72,7,43,57,95,255,0,23,201,2,22,144,215,255,0,200,22,2,23,37,140,107,180,13
2,34,0,3,8,252,0,44,139,55,1,19,17,161,26,136,21,199,0,2,108,253,0,111,198,24,1,20,12,156,22,175,13
2,32,0,1,5,255,0,42,139,61,0,7,12,170,4,122,11,199,0,1,105,255,0,110,198,36,0,3,7,166,0,149,19
2,32,0,1,7,251,0,41,139,59,0,4,9,173,0,123,12,199,0,1,108,253,0,110,198,32,0,1,0,163,0,145,14
2,33,0,2,8,251,0,42,139,61,0,10,14,169,10,119,12,199,0,2,108,254,0,111,199,30,0,7,2,161,2,144,13
2,34,0,2,8,252,0,41,139,61,0,7,10,168,7,97,11,199,0,2,109,254,0,110,199,33,0,4,1,163,0,144,15
